excel_id,row,title,original_title,release_year,runtime_minutes,genres,countries,director,cast,imdb,tomatometer,popcornmeter,justwatch_url,poster_url
1,2,Die Verurteilten,The Shawshank Redemption,1994,142,Drama | Krimi,USA,Frank Darabont,Tim Robbins | Morgan Freeman | Bob Gunton,9.3,89.000,98.000,https://www.justwatch.com/de/Film/Die-Verurteilten,
2,3,Der Pate,The Godfather,1972,175,Drama | Krimi,USA,Francis Ford Coppola,Marlon Brando | Al Pacino | James Caan,9.2,97.000,98.000,https://www.justwatch.com/de/Film/Der-Pate,
3,4,Die zwölf Geschworenen,12 Angry Men,1957,96,Drama | Thriller,USA,Sidney Lumet,Henry Fonda | Lee J. Cobb | Martin Balsam,9,100.000,97.000,https://www.justwatch.com/de/Film/Die-zwoelf-Geschworenen-1957,
4,5,Schindlers Liste,Schindler’s List,1993,187,Drama | Krieg,USA,Steven Spielberg,Liam Neeson | Ben Kingsley | Ralph Fiennes,9,98.000,97.000,https://www.justwatch.com/de/Film/Schindlers-Liste,
5,6,Der Pate II,The Godfather Part II,1974,202,Drama | Krimi,USA,Francis Ford Coppola,Al Pacino | Robert de Niro | Robert Duvall,9,96.000,97.000,https://www.justwatch.com/de/Film/Der-Pate-2,
6,7,Batman: The Dark Knight,,2008,152,Action | Krimi,UK | USA,Christopher Nolan,Christian Bale | Heath Ledger | Aaron Eckhart,9,94.000,94.000,https://www.justwatch.com/de/Film/The-Dark-Knight,
7,8,Herr der Ringe: Die Rückkehr des Königs,The Lord of the Rings: The Return of the King,2003,201,Abenteuer | Fantasy,NZL | USA,Peter Jackson,Elijah Wood | Viggo Mortensen | Ian McKellen,9,94.000,86.000,https://www.justwatch.com/de/Film/Der-Herr-der-Ringe-Die-Rueckkehr-des-Koenigs,
8,9,Pulp Fiction,,1994,154,Krimi | Thriller,USA,Quentin Tarantino,John Travolta | Samuel L. Jackson | Bruce Willis,8.9,92.000,96.000,https://www.justwatch.com/de/Film/Pulp-Fiction,
9,10,Herr der Ringe: Die Gefährten,The Lord of the Rings: The Fellowship of the Ring,2001,178,Abenteuer | Fantasy,NZL | USA,Peter Jackson,Elijah Wood | Ian McKellen | Viggo Mortensen,8.9,92.000,95.000,https://www.justwatch.com/de/Film/Der-Herr-der-Ringe-Die-Gefaehrten,
1297,11,Kill Bill: The Whole Bloody Affair,,2006,275,Action | Thriller,USA,Quentin Tarantino,Uma Thurman | David Carradine | Lucy Liu,8.8,100.000,98.000,https://www.justwatch.com/de/Film/kill-bill-the-whole-bloody-affair,
10,12,Zwei glorreiche Halunken,"The Good, the Bad and the Ugly",1966,161,Abenteuer | Western,ESP | ITA,Sergio Leone,Clint Eastwood | Eli Wallach | Lee Van Cleef,8.8,97.000,97.000,https://www.justwatch.com/de/Film/Zwei-glorreiche-Halunken,
11,13,Herr der Ringe: Die Zwei Türme,The Lord of the Rings: The Two Towers,2002,179,Abenteuer | Fantasy,NZL | USA,Peter Jackson,Elijah Wood | Viggo Mortensen | Ian McKellen,8.8,95.000,95.000,https://www.justwatch.com/de/Film/Der-Herr-der-Ringe-Die-zwei-Tuerme,
12,14,12th Fail,,2023,146,Biografie | Drama,IND,Vidhu Vinod Chopra,Vikrant Massey | Medha Shankar | Anant Joshi,8.8,91.000,97.000,https://www.justwatch.com/de/Film/12th-fail,
13,15,Inception,,2010,148,Action | Sci-Fi,UK | USA,Christopher Nolan,Leonardo DiCaprio | Joseph Gordon-Levitt | Cillian Murphy,8.8,87.000,91.000,https://www.justwatch.com/de/Film/Inception,
14,16,Fight Club,,1999,139,Drama | Thriller,USA,David Fincher,Brad Pitt | Edward Norton | Helena Bonham Carter,8.8,81.000,96.000,https://www.justwatch.com/de/Film/Fight-Club,
15,17,Forrest Gump,,1994,142,Drama | Komödie,USA,Robert Zemeckis,Tom Hanks | Robin Wright | Gary Sinise,8.8,75.000,95.000,https://www.justwatch.com/de/Film/Forrest-Gump,
16,18,Star Wars: Episode V – Das Imperium schlägt zurück,The Empire Strikes Back,1980,124,Abenteuer | Sci-Fi,USA,Irvin Kershner,Mark Hamill | Harrison Ford | Carrie Fisher,8.7,95.000,97.000,https://www.justwatch.com/de/Film/Star-Wars-Episode-V-Das-Imperium-schlaegt-zurueck,
17,19,GoodFellas,,1990,145,Krimi | Thriller,USA,Martin Scorsese,Robert de Niro | Ray Liotta | Joe Pesci,8.7,94.000,97.000,https://www.justwatch.com/de/Film/Good-Fellas-Drei-Jahrzehnte-in-der-Mafia,
18,20,Einer flog über das Kuckucksnest,One Flew Over the Cuckoo’s Nest,1975,129,Drama | Komödie,USA,Miloš Forman,Jack Nicholson | Louise Fletcher | Brad Dourif,8.7,93.000,96.000,https://www.justwatch.com/de/Film/Einer-flog-ueber-das-Kuckucksnest,
19,21,Matrix,The Matrix,1999,136,Action | Sci-Fi,AUS | USA,"Lana Wachowski, Lilly Wachowski",Keanu Reeves | Laurence Fishburn | Carrie-Anne Moss,8.7,83.000,85.000,https://www.justwatch.com/de/Film/Matrix,
20,22,Interstellar,,2014,169,Abenteuer | Sci-Fi,UK | USA,Christopher Nolan,Matthew McConaughey | Anne Hathaway | Jessica Chastain,8.7,73.000,87.000,https://www.justwatch.com/de/Film/Interstellar,
21,23,Die sieben Samurai,七人の侍 / Shichinin no Samurai,1954,207,Action | Drama,JAP,Akira Kurosawa,Toshirô Mifune | Takashi Shimura | Keiko Tsushima,8.6,100.000,97.000,https://www.justwatch.com/de/Film/Die-sieben-Samurai,
22,24,Harakiri,切腹  / Seppuku,1962,133,Drama | Mystery,JAP,Masaki Kobayashi,Tatsuya Nakadai | Akira Ishihama | Shima Iwashita,8.6,100.000,97.000,https://www.justwatch.com/de/Film/Harakiri,
23,25,Chihiros Reise ins Zauberland,千と千尋の神隠し / Sen to Chihiro no Kamikakushi,2001,125,Abenteuer | Anime,JAP,Hayao Miyazaki,,8.6,96.000,96.000,https://www.justwatch.com/de/Film/Chihiros-Reise-ins-Zauberland,
24,26,Das Schweigen der Lämmer,The Silence of the Lambs,1991,118,Horror | Krimi,USA,Jonathan Demme,Anthony Hopkins | Jodie Foster | Scott Glenn,8.6,95.000,95.000,https://www.justwatch.com/de/Film/Das-Schweigen-der-Laemmer,
25,27,Der Soldat James Ryan,Saving Private Ryan,1998,169,Action | Krieg,USA,Steven Spielberg,Tom Hanks | Matt Damon | Tom Sizemore,8.6,94.000,95.000,https://www.justwatch.com/de/Film/Der-Soldat-James-Ryan,
26,28,Ist das Leben nicht schön?,It’s a Wonderful Life,1946,125,Drama | Komödie,USA,Frank Capra,James Stewart | Donna Reed | Lionel Barrymore,8.6,94.000,95.000,https://www.justwatch.com/de/Film/Its-a-wonderful-life,
27,29,Krieg der Sterne,Star Wars: A New Hope,1977,121,Abenteuer | Sci-Fi,USA,George Lucas,Mark Hamill | Harrison Ford | Carrie Fisher,8.6,93.000,96.000,https://www.justwatch.com/de/Film/Krieg-der-Sterne,
28,30,City of God,Cidade de Deus,2002,130,Drama | Krimi,BRA | FRA | USA,Fernando Meirelles,Alexandre Rodrigues | Leandro Firmino | Phellipe Haagensen,8.6,91.000,97.000,https://www.justwatch.com/de/Film/City-of-God,
29,31,Terminator 2 – Tag der Abrechnung,Terminator 2: Judgment Day,1991,137,Action | Sci-Fi,USA,James Cameron,Arnold Schwarzenegger | Linda Hamilton | Edward Furlong,8.6,91.000,95.000,https://www.justwatch.com/de/Film/Terminator-2-Tag-der-Abrechnung,
30,32,Sieben,Se7en,1995,122,Krimi | Thriller,USA,David Fincher,Morgan Freeman | Brad Pitt | Kevin Spacey,8.6,84.000,95.000,https://www.justwatch.com/de/Film/Sieben,
31,33,Das Leben ist schön,La vita è bella,1997,116,Drama | Komödie,ITA,Roberto Benigni,Roberto Benigni | Nicoletta Braschi | Giorgio Cantarini,8.6,81.000,96.000,https://www.justwatch.com/de/Film/Das-Leben-ist-schoen,
32,34,The Green Mile,,1999,189,Drama | Fantasy,USA,Frank Darabont,Tom Hanks | Michael Clarke Duncan | David Morse,8.6,79.000,94.000,https://www.justwatch.com/de/Film/The-Green-Mile,
33,35,Die letzten Glühwürmchen,火垂るの墓 / Hotaru no Haka,1988,89,Drama | Krieg,JAP,Isao Takahata,,8.5,100.000,95.000,https://www.justwatch.com/de/Film/Die-letzten-Gluehwuermchen,
34,36,Parasite,기생충 / Gisaengchung,2019,132,Komödie | Thriller,KOR,Bong Joon-Ho,Song Kang-ho | Lee Sun-kyun | Cho Yeo-jeong,8.5,99.000,95.000,https://www.justwatch.com/de/Film/Parasite-2019,
35,37,Casablanca,,1942,102,Drama | Romanze,USA,Michael Curtiz,Humphrey Bogart | Ingrid Bergman | Paul Henreid,8.5,99.000,95.000,https://www.justwatch.com/de/Film/Casablanca,
36,38,Das Fenster zum Hof,Rear Window,1954,110,Mystery | Thriller,USA,Alfred Hitchcock,James Stewart | Grace Kelly | Wendell Corey,8.5,98.000,95.000,https://www.justwatch.com/de/Film/Das-Fenster-zum-Hof-1954,
37,39,Moderne Zeiten,Modern Times,1936,87,Drama | Komödie,USA,Charlie Chaplin,Charlie Chaplin | Paulette Goddard | Henry Bergman,8.5,98.000,95.000,https://www.justwatch.com/de/Film/Moderne-Zeiten,
38,40,Psycho,,1960,108,Horror | Thriller,USA,Alfred Hitchcock,Anthony Perkins | Janet Leigh | Vera Miles,8.5,97.000,95.000,https://www.justwatch.com/de/Film/Psycho,
39,41,Spiel mir das Lied vom Tod,Once Upon a Time in the West,1968,175,Drama | Western,ITA | USA,Sergio Leone,Henry Fonda | Charles Bronson | Claudia Cardinale,8.5,96.000,94.000,https://www.justwatch.com/de/Film/Spiel-mir-das-Lied-vom-Tod,
40,42,Der Pianist,The Pianist,2002,150,Drama | Krieg,FRA | GER | ITA | UK,Roman Polanski,Adrien Brody | Thomas Kretschmann | Frank Finlay,8.5,95.000,96.000,https://www.justwatch.com/de/Film/Der-Pianist,
41,43,Lichter der Großstadt,City Lights,1931,87,Komödie | Romanze,USA,Charlie Chaplin,Charlie Chaplin | Virginia Cherrill | Harry Myers,8.5,95.000,95.000,https://www.justwatch.com/de/Film/Lichter-der-Grossstadt,
1290,44,Der Astronaut – Project Hail Mary,Project Hail Mary,2026,156,Abenteuer | Sci-Fi,USA,Drew Goddard,Ryan Gosling | Sandra Hüller | Milana Vayntrub,8.5,94.000,96.000,https://www.justwatch.com/de/Film/der-astronaut,
42,45,Whiplash,,2014,107,Drama | Musikfilm,USA,Damien Chazelle,Miles Teller | J.K. Simmons | Paul Reiser,8.5,94.000,94.000,https://www.justwatch.com/de/Film/Whiplash,
43,46,Zurück in die Zukunft,Back to the Future,1985,116,Komödie | Sci-Fi,USA,Robert Zemeckis,Michael J. Fox | Christopher Llyod | Lea Thompson,8.5,93.000,95.000,https://www.justwatch.com/de/Film/Zurueck-in-die-Zukunft,
44,47,Alien - Das unheimliche Wesen aus einer fremden Welt,Alien,1979,116,Horror | Sci-Fi,UK | USA,Ridley Scott,Sigourney Weaver | Tom Skerritt | John Hurt,8.5,93.000,94.000,https://www.justwatch.com/de/Film/Alien,
45,48,Dune: Part Two,,2024,166,Abenteuer | Sci-Fi,USA,Denis Villeneuve,Timothée Chalamet | Zendaya | Rebecca Ferguson,8.5,92.000,95.000,https://www.justwatch.com/de/Film/Dune-Part-Two,
46,49,Cinema Paradiso,Nuovo Cinema Paradiso,1988,155,Drama | Komödie,FRA | ITA,Giuseppe Tornatore,Philippe Noiret | Jacques Perrin | Salvatore Cascio,8.5,91.000,96.000,https://www.justwatch.com/de/Film/Cinema-Paradiso,
47,50,Die üblichen Verdächtigen,The Usual Suspects,1995,106,Krimi | Thriller,USA,Bryan Singer,Kevin Spacey | Gabriel Byrne | Stephen Baldwin,8.5,87.000,96.000,https://www.justwatch.com/de/Film/Die-ueblichen-Verdaechtigen,
48,51,Django Unchained,,2012,165,Action | Western,USA,Quentin Tarantino,Jamie Foxx | Christoph Waltz | Leonardo diCaprio,8.5,87.000,92.000,https://www.justwatch.com/de/Film/Django-Unchained,
49,52,American History X,,1998,119,Drama | Krimi,USA,Tony Kaye,Edward Norton | Edward Furlong | Beverly D'Angelo,8.5,84.000,96.000,https://www.justwatch.com/de/Film/American-History-X,
50,53,Gladiator,,2000,155,Abenteuer | Action,UK | USA,Ridley Scott,Russell Crowe | Joaquin Phoenix | Connie Nielsen,8.5,80.000,87.000,https://www.justwatch.com/de/Film/Gladiator,
51,54,Prestige – Die Meister der Magie,The Prestige,2006,130,Drama | Mystery,UK | USA,Christopher Nolan,Hugh Jackman | Christian Bale | Michael Caine,8.5,77.000,92.000,https://www.justwatch.com/de/Film/Prestige-Die-Meister-der-Magie,
52,55,Léon – Der Profi,Léon: The Professional,1994,110,Action | Thriller,FRA,Luc Besson,Jean Reno | Natalie Portman | Gary Oldman,8.5,75.000,95.000,https://www.justwatch.com/de/Film/Leon-Der-Profi,
53,56,Ziemlich beste Freunde,Intouchables,2011,112,Drama | Komödie,FRA,"Olivier Nakache, Éric Toledano",François Cluzet | Omar Sy | Anne Le Ny,8.5,75.000,93.000,https://www.justwatch.com/de/Film/Ziemlich-beste-Freunde,
1293,57,Verflucht normal,I Swear,2025,121,Biografie | Drama,UK,Kirk Jones,Robert Aramayo | Peter Mullan | Maxine Peake,8.4,100.000,,https://www.justwatch.com/de/Film/i-swear,
54,58,Sansho Dayu – Ein Leben ohne Freiheit,山椒大夫 / Sanshō Dayū,1954,124,Drama | Tragödie,JAP,Kenji Mizoguchi,Kinuyo Tanaka | Yoshiaki Hanayagi | Kyōko Kagawa,8.4,100.000,95.000,https://www.justwatch.com/de/Film/Sansho-Dayu-Ein-Leben-ohne-Freiheit,
55,59,Zeugin der Anklage,Witness for the Prosecution,1957,113,Drama | Krimi,USA,Billy Wilder,Tyrone Power | Marlene Dietrich | Charles Laughton,8.4,100.000,95.000,https://www.justwatch.com/de/Film/Zeugin-der-Anklage,
56,60,3 Idiots,,2009,171,Drama | Komödie,IND,Rajkumar Hirani,Aamir Khan | R. Madhavan | Sharman Joshi,8.4,100.000,93.000,https://www.justwatch.com/de/Film/3-Idiots,
57,61,Das Boot,,1981,149,Drama | Krieg,GER,Wolfgang Petersen,Jürgen Prochnow | Herbert Grönemeyer | Klaus Wennemann,8.4,98.000,95.000,https://www.justwatch.com/de/Film/Das-Boot,
58,62,Your Name.,君の名は。 / Kimi no Na wa.,2016,107,Animation | Drama,JAP,Makoto Shinkai,,8.4,98.000,95.000,https://www.justwatch.com/de/Film/Kimi-no-Na-wa,
59,63,Boulevard der Dämmerung,Sunset Boulevard,1950,110,Drama | Tragödie,USA,Billy Wilder,William Holden | Gloria Swanson | Erich von Stroheim,8.4,98.000,94.000,https://www.justwatch.com/de/Film/Sunset-Boulevard-Boulevard-der-Daemmerung,
60,64,Apus Weg ins Leben: Apus Welt,Apur Sansar,1959,107,Drama | Komödie,IND,Satyajit Ray,Soumitra Chatterjee | Sharmila Tagore | Alok Chakravarty,8.4,97.000,95.000,https://www.justwatch.com/de/Film/Apus-Weg-ins-Leben-3-Apus-Welt,
61,65,Spider-Man: A New Universe,Spider-Man: Into the Spider-Verse,2018,116,Action | Animation,USA,"Bob Persichetti, Peter Ramsey, Rodney Rothman",Shameik Moore | Jake Johnson | Hailee Steinfeld,8.4,97.000,94.000,https://www.justwatch.com/de/Film/Spider-Man-A-New-Universe,
62,66,Wege zum Ruhm,Paths of Glory,1957,88,Action | Krieg,USA,Stanley Kubrick,Kirk Douglas | Ralph Meeker | Adolphe Menjou,8.4,96.000,95.000,https://www.justwatch.com/de/Film/Wege-zum-Ruhm,
63,67,Zwischen Himmel und Hölle,天国と地獄 / Tengoku to Jigoku,1963,143,Drama | Krimi,JAP,Akira Kurosawa,Toshirô Mifune | Tatsuya Nakadai | Tsutomu Yamazaki,8.4,96.000,95.000,https://www.justwatch.com/de/Film/Zwischen-Himmel-und-Hoelle-1963,
64,68,Jäger des verlorenen Schatzes,Raiders of the Lost Ark,1981,115,Abenteuer | Action,USA,Steven Spielberg,Harrison Ford | Karen Allen | Paul Freeman,8.4,94.000,96.000,https://www.justwatch.com/de/Film/Jaeger-des-verlorenen-Schatzes,
65,69,Memento,,2000,113,Krimi | Thriller,USA,Christopher Nolan,Guy Pearce | Carrie-Anne Moss | Joe Pantoliano,8.4,94.000,94.000,https://www.justwatch.com/de/Film/Memento,
66,70,Alien - Die Rückkehr,Aliens,1986,137,Horror | Sci-Fi,USA,James Cameron,Sigourney Weaver | Michael Biehn | Carrie Henn,8.4,94.000,94.000,https://www.justwatch.com/de/Film/Aliens-Die-Rueckkehr,
67,71,Das Leben der Anderen,,2006,137,Drama | Thriller,GER,Florian Henckel von Donnersmarck,Ulrich Mühe | Sebastian Koch | Martina Gedeck,8.4,92.000,96.000,https://www.justwatch.com/de/Film/Das-Leben-der-Anderen,
68,72,Amadeus,,1984,161,Biografie | Drama,USA,Miloš Forman,F. Murray Abraham | Tom Hulce | Elizabeth Berridge,8.4,90.000,95.000,https://www.justwatch.com/de/Film/Amadeus,
69,73,Apocalypse Now,,1979,153,Action | Krieg,USA,Francis Ford Coppola,Martin Sheen | Marlon Brando | Robert Duvall,8.4,90.000,94.000,https://www.justwatch.com/de/Film/Apocalypse-Now-Final-Cut,
70,74,Capernaum: Stadt der Hoffnung,Capharnaüm,2018,126,Drama | Drama,LBN,Nadine Labaki,Zain Al Rafeea | Yordanos Shiferaw | Boluwatife Treasure Bankole,8.4,90.000,93.000,https://www.justwatch.com/de/Film/Capernaum,
71,75,Inglourious Basterds,,2009,153,Action | Krieg,GER | USA,Quentin Tarantino,Brad Pitt | Christoph Waltz | Mélanie Laurent,8.4,89.000,88.000,https://www.justwatch.com/de/Film/Inglourious-Basterds,
72,76,Batman: The Dark Knight Rises,,2012,165,Action | Krimi,UK | USA,Christopher Nolan,Christian Bale | Tom Hardy | Anne Hathaway,8.4,87.000,90.000,https://www.justwatch.com/de/Film/Batman-The-Dark-Knight-Rise,
73,77,Maharaja,,2024,140,Action | Thriller,IND,Nithilan Saminathan,Vijay Sethupathi | Anurag Kashyap | Mamta Mohandas,8.4,83.000,95.000,https://www.justwatch.com/de/Film/maharaja-2024,
74,78,The Shining,,1980,146,Drama | Horror,UK | USA,Stanley Kubrick,Jack Nicholson | Shelley Duvall | Danny Lloyd,8.4,83.000,93.000,https://www.justwatch.com/de/Film/Shining,
75,79,Oldboy,,2003,119,Action | Thriller,KOR,Park Chan-wook,Choi Min-sik | Yoo Ji-tae | Kang Hye-jung,8.4,82.000,94.000,https://www.justwatch.com/de/Film/Oldboy,
76,80,Joker,,2019,122,Drama | Thriller,USA,Todd Phillips,Joaquin Phoenix | Robert de Niro | Zazie Beetz,8.4,68.000,89.000,https://www.justwatch.com/de/Film/Joker-2019,
77,81,M – Eine Stadt sucht einen Mörder,,1931,117,Krimi | Thriller,GER,Fritz Lang,Peter Lorre | Otto Wernicke | Gustaf Gründgens,8.3,100.000,95.000,https://www.justwatch.com/de/Film/M-Eine-Stadt-sucht-einen-Moerder,
78,82,Fahrraddiebe,Ladri di biciclette,1948,93,Drama | Thriller,ITA,Vittorio De Sica,Lamberto Maggiorani | Enzo Staiola | Lianella Carell,8.3,99.000,94.000,https://www.justwatch.com/de/Film/Fahrraddiebe,
79,83,Nader und Simin – Eine Trennung,Jodaeiye Nader az Simin,2011,123,Drama | Thriller,IRN,Asghar Farhadi,Payman Maadi | Leila Hatami | Sareh Bayat,8.3,99.000,92.000,https://www.justwatch.com/de/Film/Nader-und-Simin-eine-Trennung,
80,84,Citizen Kane,,1941,119,Drama | Mystery,USA,Orson Welles,Orson Welles | Joseph Cotten | Dorothy Comingore,8.3,99.000,90.000,https://www.justwatch.com/de/Film/Citizen-Kane,
81,85,Einmal wirklich leben,生きる / Ikiru,1952,143,Drama | Tragödie,JAP,Akira Kurosawa,Takashi Shimura | Nobuo Kaneko | Shin'ichi Himori,8.3,98.000,97.000,https://www.justwatch.com/de/Film/Ikiru-Einmal-wirklich-leben,
82,86,"Dr. Seltsam oder: Wie ich lernte, die Bombe zu lieben",Dr. Strangelove or: How I Learned to Stop Worrying and Love the Bomb,1964,93,Komödie | Krieg,UK | USA,Stanley Kubrick,Peter Sellers | George C. Scott | Sterling Hayden,8.3,98.000,94.000,https://www.justwatch.com/de/Film/Dr-Seltsam-oder-wie-ich-lernte-die-Bombe-zu-lieben,
83,87,Der Mann mit der Kamera,Tschelowek s kinoapparatom,1929,68,Drama | Stummfilm,UdSSR,Dziga Vertov,Mikhail Kaufman | Elizaveta Svilova,8.3,98.000,88.000,https://www.justwatch.com/de/Film/Der-Mann-mit-der-Kamera,
84,88,Frau ohne Gewissen,Double Indemnity,1944,107,Drama | Krimi,USA,Billy Wilder,Fred MacMurray | Barbara Stanwyck | Edward G. Robinson,8.3,97.000,95.000,https://www.justwatch.com/de/Film/Frau-ohne-Gewissen,
85,89,Der unsichtbare Dritte,North by Northwest,1959,136,Mystery | Thriller,USA,Alfred Hitchcock,Cary Grant | Eva Marie Saint | James Mason,8.3,97.000,94.000,https://www.justwatch.com/de/Film/Der-unsichtbare-Dritte,
86,90,Metropolis,,1927,153,Drama | Sci-Fi,GER,Fritz Lang,Gustav Fröhlich | Brigitte Helm | Alfred Abel,8.3,97.000,92.000,https://www.justwatch.com/de/Film/Metropolis-restaurierte-Fassung,
1173,91,Taare Zameen Par: Ein Stern auf Erden,तारे ज़मीन पर / Taare Zameen Par,2007,165,Drama | Drama,IND,Aamir Khan,Darsheel Safary | Aamir Khan | Tisca Chopra,8.3,93.000,96.000,https://www.justwatch.com/de/Film/Taare-Zameen-Par-Ein-Stern-auf-Erden,
87,92,Der Clou,The Sting,1973,129,Komödie | Krimi,USA,George Roy Hill,Paul Newman | Robert Redford | Robert Shaw,8.3,93.000,95.000,https://www.justwatch.com/de/Film/Der-Clou,
88,93,Prinzessin Mononoke,もののけ姫 / Mononoke-hime,1997,133,Abenteuer | Fantasy,JAP,Hayao Miyazaki,,8.3,93.000,94.000,https://www.justwatch.com/de/Film/Prinzessin-Mononoke,
89,94,Das Appartement,The Apartment,1960,125,Komödie | Romanze,USA,Billy Wilder,Jack Lemmon | Shirley MacLaine | Fred MacMurray,8.3,93.000,94.000,https://www.justwatch.com/de/Film/Das-Appartement,
90,95,Lawrence von Arabien,Lawrence of Arabia,1962,227,Abenteuer | Krieg,UK,David Lean,Peter O'Toole | Omar Sharif | Alec Guinness,8.3,93.000,93.000,https://www.justwatch.com/de/Film/Lawrence-von-Arabien,
91,96,Wer die Nachtigall stört,To Kill a Mockingbird,1962,129,Drama | Krimi,USA,Robert Mulligan,Gregory Peck | Mary Badham | Phillip Alford,8.3,93.000,93.000,https://www.justwatch.com/de/Film/Wer-die-Nachtigall-stoert,
1174,97,Urteil von Nürnberg,Judgment at Nuremberg,1961,179,Drama | Thriller,USA,Stanley Kramer,Spencer Tracy | Burt Lancaster | Richard Widmark,8.3,93.000,93.000,https://www.justwatch.com/de/Film/Das-Urteil-von-Nuernberg,
92,98,Vertigo – Aus dem Reich der Toten,Vertigo,1958,128,Mystery | Thriller,USA,Alfred Hitchcock,James Stewart | Kim Novak | Barbara Bel Geddes,8.3,93.000,92.000,https://www.justwatch.com/de/Film/Vertigo-Aus-dem-Reich-der-Toten,
93,99,Oppenheimer,,2023,180,Drama | Thriller,USA,Christopher Nolan,Cillian Murphy | Emily Blunt | Robert Downey Jr.,8.3,93.000,91.000,https://www.justwatch.com/de/Film/Oppenheimer,
94,100,Vergiss mein nicht!,Eternal Sunshine of the Spotless Mind,2004,108,Romanze | Sci-Fi,USA,Michel Gondry,Jim Carrey | Kate Winslet | Kirsten Dunst,8.3,92.000,94.000,https://www.justwatch.com/de/Film/Vergiss-mein-nicht-2004,
95,101,Die Jagd,Jagten,2012,115,Drama | Tragödie,DEN | SWE,Thomas Vinterberg,Mads Mikkelsen | Thomas Bo Larsen | Annika Wedderkopp,8.3,92.000,93.000,https://www.justwatch.com/de/Film/Die-Jagd,
96,102,"Die Frau, die singt",Incendies,2010,130,Drama | Thriller,CAN,Denis Villeneuve,Lubna Azabal | Mélissa Désormeaux-Poulin | Maxim Gaudette,8.3,91.000,92.000,https://www.justwatch.com/de/Film/Die-Frau-die-singt-Incendies,
97,103,Die fabelhafte Welt der Amelie,Le Fabuleux Destin d’Amélie Poulain,2001,122,Komödie | Romanze,FRA | GER,Jean-Pierre Jeunet,Audrey Tautou | Mathieu Kassovitz | Rufus,8.3,90.000,95.000,https://www.justwatch.com/de/Film/Die-fabelhafte-Welt-der-Amelie,
98,104,Reservoir Dogs – Wilde Hunde,Reservoir Dogs,1992,99,Krimi | Thriller,USA,Quentin Tarantino,Harvey Keitel | Tim Roth | Michael Madsen,8.3,90.000,94.000,https://www.justwatch.com/de/Film/Reservoir-Dogs-Wilde-Hunde,
99,105,2001: Odysee im Weltraum,2001: A Space Odyssey,1968,141,Abenteuer | Sci-Fi,UK | USA,Stanley Kubrick,Keir Dullea | Gary Lockwood | William Sylvester,8.3,90.000,89.000,https://www.justwatch.com/de/Film/2001-Odyssee-im-Weltraum,
100,106,Komm und sieh,Idi i smotri,1985,146,Drama | Krieg,UdSSR,Elem Klimov,Aleksey Kravchenko | Olga Mironova | Liubomiras Laucevicius,8.3,89.000,96.000,https://www.justwatch.com/de/Film/Idi-i-smotri,
101,107,American Beauty,,1999,118,Drama | Komödie,USA,Sam Mendes,Kevin Spacey | Annette Bening | Thora Birch,8.3,87.000,93.000,https://www.justwatch.com/de/Film/American-Beauty,
102,108,Es war einmal in Amerika,Once Upon a Time in America,1984,229,Drama | Krimi,ITA | USA,Sergio Leone,Robert de Niro | James Woods | Elizabeth McGovern,8.3,86.000,93.000,https://www.justwatch.com/de/Film/Es-war-einmal-in-Amerika,
103,109,Heat,,1995,170,Krimi | Thriller,USA,Michael Mann,Al Pacino | Robert de Niro | Val Kilmer,8.3,83.000,94.000,https://www.justwatch.com/de/Film/Heat-1995,
104,110,Star Wars: Episode VI – Die Rückkehr der Jedi-Ritter,Return of the Jedi,1983,131,Abenteuer | Sci-Fi,USA,Richard Marquand,Mark Hamill | Harrison Ford | Carrie Fisher,8.3,83.000,94.000,https://www.justwatch.com/de/Film/Star-Wars-VI-Die-Rueckkehr-der-Jedi-Ritter,
105,111,Scarface,,1983,165,Krimi | Thriller,USA,Brian de Palma,Al Pacino | Steven Bauer | Michelle Pfeiffer,8.3,79.000,93.000,https://www.justwatch.com/de/Film/Scarface-Toni-das-Narbengesicht,
106,112,Requiem for a Dream,,2000,102,Drama | Thriller,USA,Darren Aronofsky,Ellen Burstyn | Jared Leto | Jennifer Connelly,8.3,78.000,93.000,https://www.justwatch.com/de/Film/Requiem-for-a-Dream,
107,113,Braveheart,,1995,178,Drama | Krieg,USA,Mel Gibson,Mel Gibson | Sophie Marceau | Patrick McGoohan,8.3,76.000,85.000,https://www.justwatch.com/de/Film/Braveheart,
108,114,Rotbart,赤ひげ / Akahige,1965,185,Drama | Drama,JAP,Akira Kurosawa,Toshirô Mifune | Yūzō Kayama | Kyōko Kagawa,8.3,73.000,95.000,https://www.justwatch.com/de/Film/rotbart,
109,115,Ugetsu – Erzählungen unter dem Regenmond,雨月物語 / Ugetsu Monogatari,1953,97,Drama | Fantasy,JAP,Kenji Mizoguchi,Machiko Kyō | Masayuki Mori | Kinuyo Tanaka,8.2,100.000,93.000,https://www.justwatch.com/de/Film/Ugetsu,
110,116,Der Schatz der Sierra Madre,The Treasure of the Sierra Madre,1948,121,Abenteuer | Western,USA,John Huston,Humphrey Bogart | Walter Huston | Tim Holt,8.2,100.000,93.000,https://www.justwatch.com/de/Film/Der-Schatz-der-Sierra-Madre,
111,117,Das Wort,Ordet,1955,126,Drama | Fantasy,DEN,Carl Theodor Dreyer,Henrik Malberg | Emil Hass Christensen | Birgitte Federspiel,8.2,100.000,91.000,https://www.justwatch.com/de/Film/Das-Wort,
112,118,L.A. Confidential,,1997,138,Krimi | Thriller,USA,Curtis Hanson,Kevin Spacey | Russell Crowe | Guy Pearce,8.2,99.000,94.000,https://www.justwatch.com/de/Film/LA-Confidential-Jeder-hat-seinen-Preis-1997,
113,119,Alles über Eva,All About Eve,1950,138,Drama | Komödie,USA,Joseph L. Mankiewicz,Bette Davis | Anne Baxter | George Sanders,8.2,99.000,94.000,https://www.justwatch.com/de/Film/Alles-ueber-Eva,
114,120,Rashomon - Das Lustwäldchen,Rashōmon,1950,88,Drama | Krimi,JAP,Akira Kurosawa,Toshirô Mifune | Machiko Kyō | Masayuki Mori,8.2,98.000,93.000,https://www.justwatch.com/de/Film/Rashomon-Das-Lustwaeldchen,
115,121,Umberto D.,,1952,89,Drama | Tragödie,ITA,Vittorio De Sica,Carlo Battisti | Maria Pia Casilio | Lina Gennari,8.2,98.000,93.000,https://www.justwatch.com/de/Film/Umberto-D,
116,122,The Father,,2020,97,Drama | Drama,FRA | USA,Florian Zeller,Anthony Hopkins | Olivia Colman | Imogen Poots,8.2,98.000,88.000,https://www.justwatch.com/de/Film/The-Father-2020,
117,123,Top Gun: Maverick,,2022,130,Abenteuer | Action,USA,Joseph Kosinski,Tom Cruise | Miles Teller | Jennifer Connelly,8.2,96.000,99.000,https://www.justwatch.com/de/Film/Top-Gun-Maverick,
118,124,Yojimbo - Der Leibwächter,Yōjimbō,1961,110,Action | Drama,JAP,Akira Kurosawa,Toshirô Mifune | Tatsuya Nakadai | Yôko Tsukasa,8.2,96.000,96.000,https://www.justwatch.com/de/Film/Yojimbo-Der-Leibwaechter,
119,125,Ran,,1985,162,Action | Drama,FRA | JAP,Akira Kurosawa,Tatsuya Nakadai | Akira Terao | Jinpachi Nezu,8.2,96.000,95.000,https://www.justwatch.com/de/Film/Ran,
120,126,Erbarmungslos,Unforgiven,1992,131,Drama | Western,USA,Clint Eastwood,Clint Eastwood | Gene Hackman | Morgan Freeman,8.2,96.000,93.000,https://www.justwatch.com/de/Film/Erbarmungslos,
121,127,The Act of Killing,,2012,159,Doku | Krieg,DEN | NOR | UK,Joshua Oppenheimer,Anwar Congo | Herman Koto | Adi Zulkadry,8.2,96.000,85.000,https://www.justwatch.com/de/Film/The-Act-of-Killing,
122,128,Manche mögen's heiß,Some Like It Hot,1959,121,Komödie | Romanze,USA,Billy Wilder,Marilyn Monroe | Tony Curtis | Jack Lemmon,8.2,95.000,94.000,https://www.justwatch.com/de/Film/Manche-moegens-heiss,
123,129,Pans Labyrinth,El laberinto del fauno,2006,119,Drama | Fantasy,ESP | MEX,Guillermo del Toro,Ivana Baquero | Sergi López | Maribel Verdú,8.2,95.000,91.000,https://www.justwatch.com/de/Film/Pans-Labyrinth,
124,130,Gesprengte Ketten,The Great Escape,1963,172,Drama | Krieg,USA,John Sturges,Steve McQueen | James Garner | Richard Attenborough,8.2,94.000,95.000,https://www.justwatch.com/de/Film/Gesprengte-Ketten,
125,131,Stirb langsam,Die Hard,1988,132,Action | Thriller,USA,John McTiernan,Bruce Willis | Alan Rickman | Bonnie Bedelia,8.2,94.000,94.000,https://www.justwatch.com/de/Film/Stirb-langsam,
126,132,Asian Godfather - Die Gangs von Wasseypur,Gangs of Wasseypur,2012,320,Drama | Krimi,IND,Anurag Kashyap,Manoj Bajpayee | Nawazuddin Siddiqui | Tigmanshu Dhulia,8.2,94.000,91.000,https://www.justwatch.com/de/Film/Gangs-of-Wasseypur-Teil-1,
127,133,Die Truman Show,The Truman Show,1998,99,Drama | Komödie,USA,Peter Weir,Jim Carrey | Laura Linney | Ed Harris,8.2,94.000,89.000,https://www.justwatch.com/de/Film/Die-Truman-Show,
128,134,No Country for Old Men,,2007,122,Thriller | Western,USA,"Joel Coen, Ethan Coen",Josh Brolin | Javier Bardem | Tommy Lee Jones,8.2,93.000,86.000,https://www.justwatch.com/de/Film/No-Country-for-Old-Men,
129,135,Die Ritter der Kokosnuß,Monty Python and the Holy Grail,1975,91,Abenteuer | Komödie,UK,Terry Jones,Graham Chapman | John Cleese | Eric Idle,8.2,92.000,95.000,https://www.justwatch.com/de/Film/Die-Ritter-der-Kokosnuss,
130,136,Für ein paar Dollar mehr,Per qualche dollaro in più,1965,130,Drama | Western,ESP | GER | ITA,Sergio Leone,Clint Eastwood | Lee Van Cleef | Klaus Kinski,8.2,92.000,94.000,https://www.justwatch.com/de/Film/Fuer-ein-paar-Dollar-mehr,
131,137,Die Vergessenen,Los olvidados,1950,85,Drama | Krimi,MEX,Luis Buñuel,Alfonso Mejía | Roberto Cobo | Estela Inda,8.2,91.000,95.000,https://www.justwatch.com/de/Film/die-vergessenen-1950,
1246,138,Rocco und seine Brüder,Rocco e i suoi fratelli,1960,177,Drama | Krimi,FRA | ITA,Luchino Visconti,Alain Delon | Renato Salvatori | Annie Girardot,8.2,91.000,94.000,https://www.justwatch.com/de/Film/Rocco-und-seine-Brueder,
132,139,Der Elefantenmensch,The Elephant Man,1980,124,Biografie | Drama,USA,David Lynch,John Hurt | Anthony Hopkins | Anne Bancroft,8.2,91.000,93.000,https://www.justwatch.com/de/Film/Der-Elefantenmensch-1980,
133,140,Jurassic Park,,1993,127,Abenteuer | Sci-Fi,USA,Steven Spielberg,Sam Neill | Laura Dern | Jeff Goldblum,8.2,91.000,91.000,https://www.justwatch.com/de/Film/Jurassic-Park,
134,141,There Will Be Blood,,2007,158,Drama | Tragödie,USA,Paul Thomas Anderson,Daniel Day-Lewis | Paul Dano | Ciarán Hinds,8.2,91.000,86.000,https://www.justwatch.com/de/Film/There-Will-Be-Blood,
135,142,Der Untergang,,2004,155,Drama | Krieg,AUT | GER | ITA,Oliver Hirschbiegel,Bruno Ganz | Alexandra Maria Lara | Ulrich Matthes,8.2,90.000,94.000,https://www.justwatch.com/de/Film/Der-Untergang,
136,143,Full Metal Jacket,,1987,116,Drama | Krieg,UK | USA,Stanley Kubrick,Matthew Modine | R. Lee Ermey | Vincent D'Onofrio,8.2,90.000,94.000,https://www.justwatch.com/de/Film/Full-Metal-Jacket,
137,144,Am Rande des Rollfelds,La Jetée,1962,28,Drama | Sci-Fi,FRA,Chris Marker,Jean Négroni | Hélène Chatelain | Davos Hanich,8.2,90.000,93.000,https://www.justwatch.com/de/Film/La-Jetee-Am-Rande-des-Rollfelds,
138,145,Bei Anruf Mord,Dial M for Murder,1954,101,Krimi | Thriller,USA,Alfred Hitchcock,Ray Milland | Grace Kelly | Robert Cummings,8.2,90.000,92.000,https://www.justwatch.com/de/Film/Bei-Anruf-Mord-1954,
139,146,Vom Winde verweht,Gone with the Wind,1939,238,Drama | Romanze,USA,Victor Fleming,Vivien Leigh | Clark Gable | Olivia de Havilland,8.2,90.000,92.000,https://www.justwatch.com/de/Film/Vom-Winde-verweht,
140,147,Taxi Driver,,1976,114,Drama | Krimi,USA,Martin Scorsese,Robert de Niro | Jodie Foster | Harvey Keitel,8.2,89.000,93.000,https://www.justwatch.com/de/Film/Taxi-Driver,
1175,148,In ihren Augen,El secreto de sus ojos,2009,129,Drama | Krimi,ARG | ESP,Juan José Campanella,Ricardo Darín | Soledad Villamil | Pablo Rago,8.2,89.000,93.000,https://www.justwatch.com/de/Film/In-ihren-Augen,
141,149,Close-Up,Nema-ye Nazdik,1990,98,Doku | Drama,IRN,Abbas Kiarostami,Hossain Sabzian | Mohsen Makhmalbaf | Abolfazl Ahankhah,8.2,89.000,88.000,https://www.justwatch.com/de/Film/Close-Up,
142,150,1917,,2019,119,Action | Krieg,UK | USA,Sam Mendes,George MacKay | Dean-Charles Chapman | Mark Strong,8.2,88.000,88.000,https://www.justwatch.com/de/Film/1917,
143,151,Uhrwerk Orange,A Clockwork Orange,1971,136,Drama | Krimi,UK | USA,Stanley Kubrick,Malcolm McDowell | Patrick Magee | Michael Bates,8.2,86.000,93.000,https://www.justwatch.com/de/Film/Uhrwerk-Orange,
144,152,The Sixth Sense – Der Sechste Sinn,The Sixth Sense,1999,107,Mystery | Thriller,USA,M. Night Shyamalan,Bruce Willis | Haley Joel Osment | Toni Collette,8.2,86.000,90.000,https://www.justwatch.com/de/Film/The-Sixth-Sense-Der-Sechste-Sinn,
145,153,Batman Begins,,2005,140,Action | Krimi,UK | USA,Christopher Nolan,Christian Bale | Michael Caine | Liam Neeson,8.2,85.000,94.000,https://www.justwatch.com/de/Film/Batman-Begins,
146,154,Das Ding aus einer anderen Welt,The Thing,1982,109,Horror | Sci-Fi,USA,John Carpenter,Kurt Russell | Wilford Brimley | Keith David,8.2,85.000,92.000,https://www.justwatch.com/de/Film/Das-Ding-aus-einer-anderen-Welt-1982,
147,155,Kill Bill: Vol.1,,2003,111,Action | Thriller,USA,Quentin Tarantino,Uma Thurman | Lucy Liu | Vivica A. Fox,8.2,85.000,81.000,https://www.justwatch.com/de/Film/Kill-Bill-Vol-1,
148,156,Indiana Jones und der letzte Kreuzzug,Indiana Jones and the Last Crusade,1989,127,Abenteuer | Action,USA,Steven Spielberg,Harrison Ford | Sean Connery | Alison Doody,8.2,84.000,94.000,https://www.justwatch.com/de/Film/Indiana-Jones-und-der-letzte-Kreuzzug,
149,157,Casino,,1995,178,Drama | Krimi,FRA | USA,Martin Scorsese,Robert de Niro | Sharon Stone | Joe Pesci,8.2,79.000,93.000,https://www.justwatch.com/de/Film/Casino,
150,158,The Wolf of Wallstreet,,2013,180,Komödie | Thriller,USA,Martin Scorsese,Leonardo DiCaprio | Jonah Hill | Margot Robbie,8.2,79.000,83.000,https://www.justwatch.com/de/Film/The-Wolf-of-Wall-Street,
151,159,Green Book – Eine besondere Freundschaft,Green Book,2018,130,Drama | Komödie,CHN | USA,Peter Farrelly,Viggo Mortensen | Mahershala Ali | Linda Cardellini,8.2,77.000,91.000,https://www.justwatch.com/de/Film/Green-Book,
152,160,Snatch - Schweine und Diamanten,Snatch,2000,104,Komödie | Krimi,UK,Guy Ritchie,Jason Statham | Brad Pitt | Benicio del Toro,8.2,74.000,93.000,https://www.justwatch.com/de/Film/Snatch-Schweine-und-Diamanten,
153,161,A Beautiful Mind: Genie und Wahnsinn,A Beautiful Mind,2001,135,Biografie | Drama,USA,Ron Howard,Russell Crowe | Jennifer Connelly | Ed Harris,8.2,74.000,93.000,https://www.justwatch.com/de/Film/A-Beautiful-Mind-Genie-und-Wahnsinn,
154,162,Shutter Island,,2010,138,Mystery | Thriller,USA,Martin Scorsese,Leonardo DiCaprio | Mark Ruffalo | Ben Kingsley,8.2,69.000,77.000,https://www.justwatch.com/de/Film/Shutter-Island,
155,163,Die Zeit der Zigeuner,Дом за вешање / Dom za vešanje,1988,135,Drama | Krimi,SFJR,Emir Kusturica,Davor Dujmović | Bora Todorović | Ljubica Adžović,8.1,100.000,97.000,https://www.justwatch.com/de/Film/Dom-za-vesanje,
156,164,Die Nächte der Cabiria,Le notti di Cabiria,1957,110,Drama | Tragödie,FRA | ITA,Federico Fellini,Giulietta Masina | François Périer | Franca Marzi,8.1,100.000,94.000,https://www.justwatch.com/de/Film/Die-Naechte-der-Cabiria,
157,165,Fanny und Alexander,Fanny och Alexander,1982,312,Drama | Tragödie,FRA | GER | SWE,Ingmar Bergman,Bertil Guve | Pernilla Allwin | Kristina Adolphson,8.1,100.000,94.000,https://www.justwatch.com/de/Film/Fanny-und-Alexander,
158,166,Drei Farben: Rot,Trois couleurs: Rouge,1994,99,Drama | Romanze,FRA | POL | SUI,Krzysztof Kieślowski,Irène Jacob | Jean-Louis Trintignant | Jean-Pierre Lorit,8.1,100.000,94.000,https://www.justwatch.com/de/Film/Drei-Farben-Rot,
1164,167,Lohn der Angst,Le salaire de la peur,1953,150,Drama | Thriller,FRA | ITA,Henri-Georges Clouzot,Yves Montand | Charles Vanel | Peter van Eyck,8.1,100.000,94.000,https://www.justwatch.com/de/Film/Lohn-der-Angst,
159,168,Die Reise nach Tokyo,東京物語 / Tōkyō Monogatari,1953,136,Drama | Tragödie,JAP,Yasujirō Ozu,Chishū Ryū | Chieko Higashiyama | Setsuko Hara,8.1,100.000,93.000,https://www.justwatch.com/de/Film/Die-Reise-nach-Tokio,
160,169,Before Sunrise,,1995,101,Drama | Romanze,AUT | USA,Richard Linklater,Ethan Hawke | Julie Delpy,8.1,100.000,93.000,https://www.justwatch.com/de/Film/Before-Sunrise-Zwischenstop-in-Wien,
1243,170,Ein zum Tode Verurteilter ist entflohen,Un condamné à mort s’est échappé,1956,100,Drama | Thriller,FRA,Robert Bresson,François Leterrier | Charles Le Clainche | Maurice Beerblock,8.1,100.000,93.000,https://www.justwatch.com/de/Film/Ein-zum-Tode-Verurteilter-ist-entflohen,
161,171,Wo ist das Haus meines Feundes?,Khane-ye doust kojast?,1987,83,Drama | Familienfilm,IRN,Abbas Kiarostami,Babek Ahmed Poor | Ahmed Ahmed Poor | Khodabakhsh Defaei,8.1,100.000,91.000,https://www.justwatch.com/de/Film/Wo-ist-das-Haus-meines-Freundes,
1257,172,Tag der Rache,Vredens dag,1943,97,Drama | Horror,DEN,Carl Theodor Dreyer,Thorkild Roose | Lisbeth Movin | Preben Lerdorff Rye,8.1,100.000,91.000,https://www.justwatch.com/de/Film/Tag-der-Rache,
162,173,Terminator,The Terminator,1984,107,Action | Sci-Fi,USA,James Cameron,Arnold Schwarzenegger | Linda Hamilton | Michael Biehn,8.1,100.000,89.000,https://www.justwatch.com/de/Film/Terminator,
1238,174,Früchte des Zorns,The Grapes of Wrath,1940,129,Drama | Drama,USA,John Ford,Henry Fonda | Jane Darwell | John Carradine,8.1,100.000,88.000,https://www.justwatch.com/de/Film/Fruechte-des-Zorns,
1014,175,Die Faust im Nacken,On the Waterfront,1954,108,Drama | Krimi,USA,Elia Kazan,Marlon Brando | Eva Marie Saint | Karl Malden,8.1,99.000,95.000,https://www.justwatch.com/de/Film/Die-Faust-im-Nacken,
1278,176,Schlacht um Algier,La battaglia di Algeri,1966,121,Drama | Krieg,ALG | ITA,Gillo Pontecorvo,Brahim Hadjadj | Jean Martin | Yacef Saadi,8.1,99.000,95.000,https://www.justwatch.com/de/Film/Schlacht-um-Algier,
1183,177,Der dritte Mann,The Third Man,1949,104,Mystery | Thriller,UK | USA,Carol Reed,Joseph Cotten | Alida Valli | Orson Welles,8.1,99.000,93.000,https://www.justwatch.com/de/Film/Der-dritte-Mann,
163,178,Chinatown,,1974,130,Mystery | Thriller,USA,Roman Polanski,Jack Nicholson | Faye Dunaway | John Huston,8.1,98.000,93.000,https://www.justwatch.com/de/Film/Chinatown,
1255,179,Die Passion der Jungfrau von Orléans,La Passion de Jeanne d’Arc,1928,97,Drama | Drama,FRA,Carl Theodor Dreyer,Maria Falconetti | Antonin Artaud | Eugène Silvain,8.1,98.000,93.000,https://www.justwatch.com/de/Film/Johanna-von-Orleans-Die-Passion-der-Heiligen-Johanna,
164,180,Rebecca,,1940,130,Drama | Mystery,USA,Alfred Hitchcock,Laurence Olivier | Joan Fontaine | Judith Anderson,8.1,98.000,92.000,https://www.justwatch.com/de/Film/Rebecca,
1254,181,Sonnenaufgang – Lied von zwei Menschen,Sunrise: A Song of Two Humans,1927,95,Drama | Romanze,USA,F.W. Murnau,George O'Brien | Janet Gaynor | Margaret Livingston,8.1,98.000,92.000,https://www.justwatch.com/de/Film/Sunrise-Sonnenaufgang-Lied-von-zwei-Menschen,
1128,182,Für immer hier,Ainda Estou Aqui,2024,135,Biografie | Drama,BRA | FRA,Walter Salles,Fernanda Torres | Selton Mello | Fernanda Montenegro,8.1,97.000,97.000,https://www.justwatch.com/de/Film/im-still-here-2025,
165,183,Rote Laterne,Dà hóng dēnglóng gāogāo guà,1991,125,Drama | Romanze,CHN | HKG | TWN,Zhang Yimou,Gong Li | Saifei He | Jingwu Ma,8.1,97.000,94.000,https://www.justwatch.com/de/Film/Rote-Laterne,
166,184,Spotlight,,2015,128,Biografie | Drama,USA,Tom McCarthy,Mark Ruffalo | Michael Keaton | Rachel McAdams,8.1,97.000,93.000,https://www.justwatch.com/de/Film/Spotlight,
167,185,Armee im Schatten,L’Armée des ombres,1969,138,Drama | Krieg,FRA | ITA,Jean-Pierre Melville,Lino Ventura | Paul Meurisse | Simone Signoret,8.1,97.000,93.000,https://www.justwatch.com/de/Film/Armee-im-Schatten,
1233,186,Die große Illusion,La Grande Illusion,1937,113,Drama | Krieg,FRA,Jean Renoir,Jean Gabin | Pierre Fresnay | Erich von Stroheim,8.1,97.000,92.000,https://www.justwatch.com/de/Film/Die-grosse-Illusion,
168,187,Der weiße Hai,Jaws,1975,124,Abenteuer | Thriller,USA,Steven Spielberg,Roy Scheider | Robert Shaw | Richard Dreyfuss,8.1,97.000,91.000,https://www.justwatch.com/de/Film/Der-weisse-Hai,
169,188,Yi Yi – A One and a Two,一一 / Yi Yi,2000,173,Drama | Romanze,JAP | TWN,Edward Yang,Wu Nien-jen | Elaine Jin | Jonathan Chang,8.1,97.000,91.000,https://www.justwatch.com/de/Film/Yi-Yi,
170,189,Mad Max: Fury Road,,2015,120,Abenteuer | Action,AUS | USA,George Miller,Tom Hardy | Charlize Theron | Nicholas Hoult,8.1,97.000,86.000,https://www.justwatch.com/de/Film/Mad-Max-Fury-Road,
171,190,Hass,La Haine,1995,98,Drama | Krimi,FRA,Mathieu Kassovitz,Vincent Cassel | Hubert Koundé | Saïd Taghmaoui,8.1,96.000,95.000,https://www.justwatch.com/de/Film/Hass,
172,191,Die Brücke am Kwai,The Bridge on the River Kwai,1957,161,Drama | Krieg,UK | USA,David Lean,William Holden | Alec Guinness | Sessue Hayakawa,8.1,96.000,93.000,https://www.justwatch.com/de/Film/Die-Bruecke-am-Kwai,
173,192,"Mary & Max oder: Schrumpfen Schafe, wenn es regnet?",Mary and Max,2009,90,Animation | Komödie,AUS,Adam Elliot,,8.1,96.000,92.000,https://www.justwatch.com/de/Film/Mary-und-Max-oder-Schrumpfen-Schafe-wenn-es-regnet,
174,193,Die Taschendiebin,Ah-ga-ssi,2016,144,Drama | Thriller,KOR,Park Chan-wook,Kim Min-hee | Kim Tae-ri | Ha Jung-woo,8.1,96.000,91.000,https://www.justwatch.com/de/Film/die-taschendiebin,
1176,194,Catch Me If You Can,,2002,141,Drama | Krimi,USA,Steven Spielberg,Leonardo DiCaprio | Tom Hanks | Christopher Walken,8.1,96.000,89.000,https://www.justwatch.com/de/Film/Catch-Me-If-You-Can-Mein-Leben-auf-der-Flucht,
1178,195,Harry Potter und die Heiligtümer des Todes - Teil 2,Harry Potter and the Deathly Hallows – Part 2,2011,130,Abenteuer | Fantasy,UK | USA,David Yates,Daniel Radcliffe | Rupert Grint | Emma Watson,8.1,96.000,89.000,https://www.justwatch.com/de/Film/Harry-Potter-und-die-Heiligtuemer-des-Todes-Teil-2,
175,196,"Paris, Texas",,1984,147,Drama | Roadmovie,FRA | GER,Wim Wenders,Harry Dean Stanton | Nastassja Kinski | Dean Stockwell,8.1,95.000,93.000,https://www.justwatch.com/de/Film/Paris-Texas,
176,197,Memories of Murder,Salinui chueok,2003,132,Krimi | Thriller,KOR,Bong Joon-Ho,Song Kang-ho | Kim Sang-kyung | Kim Roi-ha,8.1,95.000,92.000,https://www.justwatch.com/de/Film/Memories-of-Murder,
177,198,Fargo – Blutiger Schnee,Fargo,1996,97,Krimi | Thriller,USA,"Joel Coen, Ethan Coen",Frances McDormand | William H. Macy | Steve Buscemi,8.1,95.000,92.000,https://www.justwatch.com/de/Film/Fargo-Blutiger-Schnee,
1050,199,"Der Mann, der Liberty Valance erschoß",The Man Who Shot Liberty Valance,1962,123,Drama | Western,USA,John Ford,James Stewart | John Wayne | Lee Marvin,8.1,95.000,92.000,https://www.justwatch.com/de/Film/Der-Mann-der-Liberty-Valance-erschoss,
178,200,12 Years a Slave,,2013,134,Biografie | Drama,UK | USA,Steve McQueen,Chiwetel Ejiofor | Michael Fassbender | Lupita Nyong'o,8.1,95.000,90.000,https://www.justwatch.com/de/Film/12-Years-a-Slave,
179,201,Im Namen des Vaters,In the Name of the Father,1993,133,Biografie | Drama,IRE | UK | USA,Jim Sheridan,Daniel Day-Lewis | Pete Postlethwaite | Emma Thompson,8.1,94.000,95.000,https://www.justwatch.com/de/Film/Im-Namen-des-Vaters,
180,202,Wilde Erdbeeren,Smultronstället,1957,91,Drama | Romanze,SWE,Ingmar Bergman,Victor Sjöström | Bibi Andersson | Ingrid Thulin,8.1,94.000,94.000,https://www.justwatch.com/de/Film/Wilde-Erdbeeren,
181,203,Mein Nachbar Totoro,となりのトトロ / Tonari no Totoro,1988,87,Abenteuer | Fantasy,JAP,Hayao Miyazaki,,8.1,94.000,94.000,https://www.justwatch.com/de/Film/Mein-Nachbar-Totoro,
182,204,Z,,1969,127,Drama | Thriller,ALG | FRA,Costa-Gavras,Jean-Louis Trintignant | Yves Montand | Jacques Perrin,8.1,94.000,93.000,https://www.justwatch.com/de/Film/Z,
1204,205,Sprung in den Tod,White Heat,1949,114,Action | Krimi,USA,Raoul Walsh,James Cagney | Virginia Mayo | Edmond O'Brien,8.1,94.000,93.000,https://www.justwatch.com/de/Film/Sprung-in-den-Tod,
183,206,Wild Tales - Jeder dreht mal durch!,Relatos salvajes,2014,121,Drama | Komödie,ARG | ESP,Damián Szifron,Ricardo Darín | Érica Rivas | Leonardo Sbaraglia,8.1,94.000,92.000,https://www.justwatch.com/de/Film/Wild-Tales-Jeder-dreht-mal-durch,
184,207,Before Sunset,,2004,77,Drama | Romanze,USA,Richard Linklater,Ethan Hawke | Julie Delpy | Vernon Dobtcheff,8.1,94.000,91.000,https://www.justwatch.com/de/Film/Before-Sunset,
185,208,Jean Florette,Jean de Florette,1986,120,Drama | Krimi,FRA | ITA | SUI,Claude Berri,Gérard Depardieu | Daniel Auteuil | Yves Montand,8.1,93.000,95.000,https://www.justwatch.com/de/Film/Die-Wasser-der-Huegel,
186,209,Das siebente Siegel,Det sjunde inseglet,1957,96,Drama | Fantasy,SWE,Ingmar Bergman,Max von Sydow | Gunnar Björnstrand | Bengt Ekerot,8.1,93.000,93.000,https://www.justwatch.com/de/Film/Das-siebente-Siegel,
187,210,Raum,Room,2015,118,Drama | Thriller,CAN | IRE | UK | USA,Lenny Abrahamson,Brie Larson | Jacob Tremblay | Sean Bridgers,8.1,93.000,93.000,https://www.justwatch.com/de/Film/Raum,
188,211,Logan: The Wolverine,Logan,2017,137,Action | Sci-Fi,USA,James Mangold,Hugh Jackman | Patrick Stewart | Dafne Keen,8.1,93.000,91.000,https://www.justwatch.com/de/Film/Logan,
189,212,Rocky,,1976,120,Action | Sport,USA,John G. Avildsen,Sylvester Stallone | Talia Shire | Burt Young,8.1,93.000,69.000,https://www.justwatch.com/de/Film/Rocky,
1182,213,Le Mans 66 - Gegen jede Chance,Ford v Ferrari,2019,152,Drama | Sport,USA,James Mangold,Matt Damon | Christian Bale | Jon Bernthal,8.1,92.000,98.000,https://www.justwatch.com/de/Film/Le-Mans-66-Gegen-jede-Chance,
190,214,Rififi,Du rififi chez les homme,1955,113,Drama | Krimi,FRA,Jules Dassin,Jean Servais | Carl Möhner | Robert Manuel,8.1,92.000,95.000,https://www.justwatch.com/de/Film/Rififi,
191,215,Der Klang der Liebe,In the Mood for Love,2000,98,Drama | Romanze,FRA | HKG,Wong Kar-Wai,Maggie Cheung | Tony Leung Chiu-wai | Ping-Lam Siu,8.1,92.000,94.000,https://www.justwatch.com/de/Film/In-The-Mood-For-Love-Der-Klang-der-Liebe,
192,216,Stand by Me: Das Geheimnis eines Sommers,Stand by Me,1986,89,Drama | Komödie,USA,Rob Reiner,Wil Wheaton | River Phoenix | Corey Feldman,8.1,92.000,94.000,https://www.justwatch.com/de/Film/Das-Geheimnis-eines-Sommers,
193,217,Nobody Knows,Dare mo shiranai,2004,141,Drama | Tragödie,JAP,Hirokazu Koreeda,Yuya Yagira | Ayu Kitaura | Hiei Kimura,8.1,92.000,93.000,https://www.justwatch.com/de/Film/Nobody-Knows,
194,218,Wie ein wilder Stier,Raging Bull,1980,129,Action | Drama,USA,Martin Scorsese,Robert de Niro | Joe Pesci | Cathy Moriarty,8.1,92.000,93.000,https://www.justwatch.com/de/Film/Wie-ein-wilder-Stier,
195,219,Grand Budapest Hotel,The Grand Budapest Hotel,2014,99,Abenteuer | Komödie,GER | USA,Wes Anderson,Ralph Fiennes | Tony Revolori | F. Murray Abraham,8.1,92.000,87.000,https://www.justwatch.com/de/Film/Grand-Budapest-Hotel,
196,220,Hotel Ruanda,Hotel Rwanda,2004,121,Biografie | Drama,ITA | RSA | UK | USA,Terry George,Don Cheadle | Sophie Okonedo | Nick Nolte,8.1,91.000,94.000,https://www.justwatch.com/de/Film/Hotel-Ruanda,
1205,221,Paper Moon,,1973,102,Komödie | Krimi,USA,Peter Bogdanovich,Ryan O'Neal | Tatum O'Neal | Madeline Kahn,8.1,91.000,94.000,https://www.justwatch.com/de/Film/Paper-Moon,
197,222,Network,,1976,121,Drama | Komödie,USA,Sidney Lumet,Faye Dunaway | William Holden | Peter Finch,8.1,91.000,93.000,https://www.justwatch.com/de/Film/Network,
198,223,"Lebewohl, meine Konkubine",霸王别姬  / Bàwáng Bié Jī,1993,171,Drama | Romanze,CHN,Chen Kaige,Leslie Cheung | Zhang Fengyi | Gong Li,8.1,91.000,93.000,https://www.justwatch.com/de/Film/Lebewohl-meine-Konkubine,
1206,224,Reporter des Satans,Ace in the Hole,1951,111,Drama | Tragödie,USA,Billy Wilder,Kirk Douglas | Jan Sterling | Robert Arthur,8.1,91.000,92.000,https://www.justwatch.com/de/Film/Reporter-des-Satans,
1253,225,Faust – eine deutsche Volkssage,,1926,116,Fantasy | Horror,GER,F.W. Murnau,Gösta Ekman | Emil Jannings | Camilla Horn,8.1,91.000,91.000,https://www.justwatch.com/de/Film/Faust-Eine-deutsche-Volkssage,
199,226,Trainspotting – Neue Helden,Trainspotting,1996,94,Drama | Komödie,UK,Danny Boyle,Ewan McGregor | Ewen Bremner | Jonny Lee Miller,8.1,90.000,93.000,https://www.justwatch.com/de/Film/Trainspotting-Neue-Helden,
200,227,Million Dollar Baby,,2004,132,Drama | Sport,USA,Clint Eastwood,Hilary Swank | Clint Eastwood | Morgan Freeman,8.1,90.000,90.000,https://www.justwatch.com/de/Film/Million-Dollar-Baby,
201,228,"Three Billboards Outside Ebbing, Missouri",,2017,115,Drama | Krimi,UK | USA,Martin McDonagh,Frances McDormand | Woody Harrelson | Sam Rockwell,8.1,90.000,87.000,https://www.justwatch.com/de/Film/Three-Billboards-Outside-Ebbing-Missouri,
202,229,Platoon,,1986,120,Action | Krieg,USA,Oliver Stone,Charlie Sheen | Tom Berenger | Willem Dafoe,8.1,89.000,93.000,https://www.justwatch.com/de/Film/Platoon,
203,230,Der Blade Runner,Blade Runner,1982,117,Action | Sci-Fi,HKG | USA,Ridley Scott,Harrison Ford | Rutger Hauer | Sean Young,8.1,89.000,91.000,https://www.justwatch.com/de/Film/Der-Blade-Runner,
1184,231,Rush - Alles für den Sieg,Rush,2013,123,Drama | Sport,GER | UK | USA,Ron Howard,Chris Hemsworth | Daniel Brühl | Olivia Wilde,8.1,89.000,88.000,https://www.justwatch.com/de/Film/Rush-Alles-fuer-den-Sieg,
204,232,Gone Girl - Das perfekte Opfer,Gone Girl,2014,149,Mystery | Thriller,USA,David Fincher,Ben Affleck | Rosamund Pike | Neil Patrick Harris,8.1,88.000,87.000,https://www.justwatch.com/de/Film/Gone-Girl-Das-perfekte-Opfer,
205,233,Leben!,活着 / Huózhe,1994,132,Drama | Krieg,HKG,Zhang Yimou,Ge You | Gong Li | Niu Ben,8.1,87.000,96.000,https://www.justwatch.com/de/Film/Leben,
1180,234,Ben Hur,Ben-Hur,1959,212,Abenteuer | Drama,USA,William Wyler,Charlton Heston | Stephen Boyd | Jack Hawkins,8.1,87.000,89.000,https://www.justwatch.com/de/Film/Ben-Hur,
1250,235,Sherlock Jr.,,1924,45,Fantasy | Komödie,USA,Buster Keaton,Buster Keaton | Kathryn McGuire | Joe Keaton,8.1,86.000,95.000,https://www.justwatch.com/de/Film/Sherlock-Jr,
206,236,Die durch die Hölle gehen,The Deer Hunter,1978,183,Drama | Krieg,USA,Michael Cimino,Robert de Niro | Christopher Walken | John Savage,8.1,86.000,91.000,https://www.justwatch.com/de/Film/Die-durch-die-Hoelle-gehen,
207,237,Der Club der toten Dichter,Dead Poets Society,1989,128,Drama | Komödie,USA,Peter Weir,Robin Williams | Robert Sean Leonard | Ethan Hawke,8.1,85.000,92.000,https://www.justwatch.com/de/Film/Der-Club-der-toten-Dichter,
1179,238,Warrior,,2011,140,Drama | Sport,USA,Gavin O'Connor,Tom Hardy | Joel Edgerton | Nick Nolte,8.1,84.000,92.000,https://www.justwatch.com/de/Film/Warrior-2011,
1181,239,Hacksaw Ridge - Die Entscheidung,Hacksaw Ridge,2016,139,Drama | Krieg,AUS | USA,Mel Gibson,Andrew Garfield | Sam Worthington | Vince Vaughn,8.1,84.000,92.000,https://www.justwatch.com/de/Film/Hacksaw-Ridge-Die-Entscheidung,
208,240,Gran Torino,,2008,116,Drama | Thriller,USA,Clint Eastwood,Clint Eastwood | Bee Vang | Ahney Her,8.1,81.000,90.000,https://www.justwatch.com/de/Film/Gran-Torino,
209,241,Prisoners,,2013,153,Krimi | Thriller,USA,Denis Villeneuve,Hugh Jackman | Jake Gyllenhaal | Viola Davis,8.1,81.000,87.000,https://www.justwatch.com/de/Film/Prisoners,
210,242,The Big Lebowski,,1998,117,Komödie | Krimi,UK | USA,"Joel Coen, Ethan Coen",Jeff Bridges | John Goodman | Julianne Moore,8.1,80.000,93.000,https://www.justwatch.com/de/Film/The-Big-Lebowski,
211,243,Fluch der Karibik,Pirates of the Caribbean: The Curse of the Black Pearl,2003,143,Abenteuer | Fantasy,USA,Gore Verbinski,Johnny Depp | Orlando Bloom | Keira Knightley,8.1,79.000,86.000,https://www.justwatch.com/de/Film/Fluch-der-Karibik,
212,244,Barry Lyndon,,1975,185,Abenteuer | Krieg,UK | USA,Stanley Kubrick,Ryan O'Neal | Marisa Berenson | Patrick Magee,8.1,78.000,92.000,https://www.justwatch.com/de/Film/Barry-Lyndon,
213,245,Der Exorzist,The Exorcist,1973,121,Horror | Mystery,USA,William Friedkin,Ellen Burstyn | Linda Blair | Max von Sydow,8.1,78.000,87.000,https://www.justwatch.com/de/Film/Der-Exorzist,
214,246,"Bube, Dame, König, grAS","Lock, Stock and Two Smoking Barrels",1998,107,Komödie | Krimi,UK,Guy Ritchie,Nick Moran | Jason Flemyng | Jason Statham,8.1,75.000,93.000,https://www.justwatch.com/de/Film/Bube-Dame-Koenig-grAs,
1207,247,The Help,,2011,146,Drama | Drama,USA,Tate Taylor,Viola Davis | Emma Stone | Octavia Spencer,8.1,75.000,89.000,https://www.justwatch.com/de/Film/The-Help,
215,248,V wie Vendetta,V for Vendetta,2005,130,Sci-Fi | Thriller,GER | UK | USA,James McTeigue,Natalie Portman | Hugo Weaving | Stephen Rea,8.1,73.000,90.000,https://www.justwatch.com/de/Film/V-wie-Vendetta,
216,249,Der Unbeugsame,Cool Hand Luke,1967,126,Drama | Krimi,USA,Stuart Rosenberg,Paul Newman | George Kennedy | Strother Martin,8,100.000,95.000,https://www.justwatch.com/de/Film/Der-Unbeugsame-1967,
1209,250,Sanjuro,三十郎 / Sanjūrō,1962,96,Action | Drama,JAP,Akira Kurosawa,Toshirô Mifune | Tatsuya Nakadai | Keiju Kobayashi,8,100.000,95.000,https://www.justwatch.com/de/Film/Sanjuro,
217,251,Ein Sommer zum Verlieben,牯嶺街少年殺人事件 / Gulingjie Shaonian Sharen Shijian,1991,237,Drama | Krimi,TWN,Edward Yang,Chang Chen | Lisa Yang | Kuo-Chu Chang,8,100.000,94.000,https://www.justwatch.com/us/movie/a-brighter-summer-day,
218,252,Ermittlungen gegen einen über jeden Verdacht erhabenen Bürger,Indagine su un cittadino al di sopra di ogni sospetto,1970,115,Drama | Krimi,ITA,Elio Petri,Gian Maria Volonté | Florinda Bolkan | Gianni Santuccio,8,100.000,94.000,https://www.justwatch.com/de/Film/Ermittlungen-gegen-einen-ueber-jeden-Verdacht-erhabenen-Buerger,
219,253,Iwans Kindheit,Иваново детство / Ivanovo detstvo,1962,95,Drama | Krieg,UdSSR,Andrei Tarkovsky,Nikolai Burljajew | Valentin Subkow | Jewgeni Scharikow,8,100.000,93.000,https://www.justwatch.com/de/Film/Iwans-Kindheit,
220,254,Stalker,Сталкер,1979,164,Drama | Sci-Fi,UdSSR,Andrei Tarkovsky,Alexander Kaidanovsky | Anatoly Solonitsyn | Nikolai Grinko,8,100.000,92.000,https://www.justwatch.com/de/Film/Stalker-1979,
1247,255,"Rom, offene Stadt",Roma città aperta,1945,105,Drama | Krieg,ITA,Roberto Rossellini,Aldo Fabrizi | Anna Magnani | Marcello Pagliero,8,100.000,92.000,https://www.justwatch.com/de/Film/Rom-offene-Stadt,
1259,256,Schuhputzer,Sciuscià,1946,93,Drama | Drama,ITA,Vittorio de Sica,Franco Interlenghi | Rinaldo Smordoni | Annielo Mele,8,100.000,92.000,https://www.justwatch.com/de/Film/Schuhputzer,
1202,257,Anatomie eines Mordes,Anatomy of a Murder,1959,160,Drama | Krimi,USA,Otto Preminger,James Stewart | Lee Remick | Ben Gazzara,8,100.000,91.000,https://www.justwatch.com/de/Film/Anatomie-eines-Mordes,
1262,258,Angst essen Seele auf,,1974,93,Drama | Romanze,GER,Rainer Werner Fassbinder,Brigitte Mira | El Hedi ben Salem | Barbara Valentin,8,100.000,91.000,https://www.justwatch.com/de/Film/Alle-Tuerken-heissen-Ali-Arbeitstitel,
1252,259,Der letzte Mann,,1924,91,Drama | Drama,GER,F.W. Murnau,Emil Jannings | Maly Delschaft | Max Hiller,8,100.000,88.000,https://www.justwatch.com/de/Film/Der-letzte-Mann,
221,260,Sie küßten und sie schlugen ihn,Les Quatre Cents Coups,1959,99,Drama | Krimi,FRA,François Truffaut,Jean-Pierre Léaud | Claire Maurier | Albert Rémy,8,99.000,94.000,https://www.justwatch.com/de/Film/Sie-kuessten-und-sie-schlugen-ihn,
222,261,La Strada – Das Lied der Straße,La Strada,1954,115,La Strada – Das Lied der Straße,ITA,Federico Fellini,Anthony Quinn | Giulietta Masina | Richard Basehart,8,98.000,93.000,https://www.justwatch.com/de/Film/La-Strada-Das-Lied-der-Strasse,
223,262,Die letzte Vorstellung,The Last Picture Show,1971,118,Drama | Romanze,USA,Peter Bogdanovich,Timothy Bottoms | Jeff Bridges | Cybill Shepherd,8,98.000,89.000,https://www.justwatch.com/de/Film/Die-letzte-Vorstellung,
224,263,"Auf Wiedersehen, Kinder",Au revoir les enfants,1987,104,Drama | Krieg,FRA | GER | ITA,Louis Malle,Gaspard Manesse | Raphaël Fejtö | Francine Racette,8,97.000,93.000,https://www.justwatch.com/de/Film/Auf-Wiedersehen-Kinder,
225,264,Achteinhalb,8½,1963,138,Drama | Fantasy,FRA | ITA,Federico Fellini,Marcello Mastroianni | Anouk Aimée | Claudia Cardinale,8,97.000,92.000,https://www.justwatch.com/de/Film/Achteinhalb,
226,265,Porträt einer jungen Frau in Flammen,Portrait de la jeune fille en feu,2019,121,Drama | Romanze,FRA,Céline Sciamma,Noémie Merlant | Adèle Haenel | Luàna Bajrami,8,97.000,92.000,https://www.justwatch.com/de/Film/Portrait-of-a-Lady-on-Fire,
227,266,Sling Blade – Auf Messers Schneide,Sling Blade,1996,135,Drama | Drama,USA,Billy Bob Thornton,Billy Bob Thornton | Lucas Black | Dwight Yoakam,8,97.000,92.000,https://www.justwatch.com/de/Film/Sling-Blade-Auf-Messers-Schneide,
228,267,Viridiana,,1961,90,Drama | Komödie,ESP | MEX,Luis Buñuel,Silvia Pinal | Francisco Rabal | Fernando Rey,8,97.000,90.000,https://www.justwatch.com/de/Film/Viridiana,
229,268,Die Spielregel,La Règle du jeu,1939,110,Drama | Komödie,FRA,Jean Renoir,Nora Gregor | Marcel Dalio | Roland Toutain,8,97.000,89.000,https://www.justwatch.com/de/Film/Die-Spielregel,
230,269,Rosemaries Baby,Rosemary’s Baby,1968,136,Horror | Mystery,USA,Roman Polanski,Mia Farrow | John Cassavetes | Ruth Gordon,8,97.000,87.000,https://www.justwatch.com/de/Film/Rosemaries-Baby,
231,270,Das Leben des Brian,Life of Brian,1979,93,Komödie | Parodie,UK,Terry Jones,Graham Chapman | John Cleese | Michael Palin,8,96.000,93.000,https://www.justwatch.com/de/Film/Das-Leben-des-Brian,
232,271,Persepolis,Persépolis,2007,96,Animation | Drama,FRA | USA,"Marjane Satrapi, Vincent Paronnaud",,8,96.000,92.000,https://www.justwatch.com/de/Film/Persepolis,
233,272,Das Schloss im Himmel,Tenkū no Shiro Rapyuta,1986,124,Abenteuer | Anime,JAP,Hayao Miyazaki,,8,96.000,91.000,https://www.justwatch.com/de/Film/Das-Schloss-im-Himmel,
234,273,Lügen und Geheimnisse,Secrets & Lies,1996,142,Drama | Komödie,UK,Mike Leigh,Brenda Blethyn | Marianne Jean-Baptiste | Timothy Spall,8,96.000,91.000,https://www.justwatch.com/de/Film/Luegen-und-Geheimnisse,
235,274,Hundstage,Dog Day Afternoon,1975,119,Krimi | Thriller,USA,Sidney Lumet,Al Pacino | John Cazale | Charles Durning,8,96.000,90.000,https://www.justwatch.com/de/Film/Hundstage-1975,
236,275,Rio Bravo,,1959,141,Action | Western,USA,Howard Hawks,John Wayne | Dean Martin | Ricky Nelson,8,96.000,90.000,https://www.justwatch.com/de/Film/Rio-Bravo,
237,276,Das Cabinet des Dr. Caligari,,1920,72,Fantasy | Horror,GER,Robert Wiene,Werner Krauß | Conrad Veidt | Friedrich Fehér,8,96.000,89.000,https://www.justwatch.com/de/Film/Das-Kabinett-des-Doktor-Caligari,
238,277,Frankenstein Junior,Young Frankenstein,1974,106,Komödie | Parodie,USA,Mel Brooks,Gene Wilder | Peter Boyle | Marty Feldman,8,95.000,92.000,https://www.justwatch.com/de/Film/Frankenstein-Junior,
239,278,Eine wahre Geschichte – The Straight Story,The Straight Story,1999,111,Drama | Roadmovie,USA,David Lynch,Richard Farnsworth | Sissy Spacek | Harry Dean Stanton,8,95.000,91.000,https://www.justwatch.com/de/Film/Eine-wahre-Geschichte-The-Straight-Story,
240,279,Das süße Leben,La dolce vita,1960,177,Drama | Komödie,FRA | ITA,Federico Fellini,Marcello Mastroianni | Anita Ekberg | Anouk Aimée,8,95.000,90.000,https://www.justwatch.com/de/Film/Das-suesse-Leben,
241,280,Her,,2013,126,Komödie | Romanze,USA,Spike Jonze,Joaquin Phoenix | Scarlett Johansson | Amy Adams,8,95.000,82.000,https://www.justwatch.com/de/Film/Her,
242,281,Central Station,Central do Brasil,1998,113,Drama | Roadmovie,BRA | FRA,Walter Salles,Fernanda Montenegro | Vinícius de Oliveira | Marília Pêra,8,94.000,95.000,https://www.justwatch.com/de/Film/Central-Station,
1226,282,Infernal Affairs,無間道 / Mou Gaan Dou,2002,101,Krimi | Thriller,HKG,Andrew Lau,Andy Lau | Tony Leung Chiu-wai | Anthony Wong,8,94.000,95.000,https://www.justwatch.com/de/Film/Infernal-Affairs-Die-achte-Hoelle,
243,283,Der Würgeengel,El ángel exterminador,1962,95,Drama | Komödie,MEX,Luis Buñuel,Silvia Pinal | Jacqueline Andere | José Baviera,8,94.000,92.000,https://www.justwatch.com/de/Film/Der-Wuergeengel,
244,284,The King’s Speech - Die Rede des Königs,The King’s Speech,2010,118,Biografie | Drama,AUS | USA,Tom Hopper,Colin Firth | Geoffrey Rush | Helena Bonham Carter,8,94.000,92.000,https://www.justwatch.com/de/Film/The-Kings-Speech-Die-Rede-des-Koenigs,
1216,285,"Frühling, Sommer, Herbst, Winter… und Frühling",봄 여름 가을 겨울 그리고 봄 / Bom Yeoreum Gaeul Gyeoul Geurigo Bom,2003,103,Drama | Drama,KOR,Kim Ki-duk,Oh Yeong-su | Kim Ki-duk | Seo Jae-kyung,8,94.000,92.000,https://www.justwatch.com/de/Film/Fruehling-Sommer-Herbst-Winter-und-Fruehling,
245,286,CODA,,2021,111,Drama | Komödie,FRA | USA,Sian Heder,Emilia Jones | Marlee Matlin | Troy Kotsur,8,94.000,91.000,https://www.justwatch.com/de/Film/CODA-2021,
1274,287,Begegnung,Brief Encounter,1945,85,Drama | Romanze,UK,David Lean,Celia Johnson | Trevor Howard | Stanley Holloway,8,94.000,91.000,https://www.justwatch.com/de/Film/Brief-Encounter,
246,288,James Bond 007: Casino Royale,,2006,138,Abenteuer | Action,UK | USA,Martin Campbell,Daniel Craig | Eva Green | Mads Mikkelsen,8,94.000,90.000,https://www.justwatch.com/de/Film/James-Bond-007-Casino-Royale,
247,289,Und täglich grüßt das Murmeltier,Groundhog Day,1993,101,Komödie | Romanze,USA,Harold Ramis,Bill Murray | Andie MacDowell | Chris Elliott,8,94.000,88.000,https://www.justwatch.com/de/Film/Und-taeglich-gruesst-das-Murmeltier,
248,290,Amores Perros,,2000,154,Drama | Thriller,MEX,Alejandro G. Iñárritu,Gael García Bernal | Emilio Echevarría | Goya Toledo,8,93.000,94.000,https://www.justwatch.com/de/Film/Amores-perros-Von-Hunden-und-Menschen,
1089,291,Die Nacht des Jägers,The Night of the Hunter,1955,92,Drama | Thriller,USA,Charles Laughton,Robert Mitchum | Shelley Winters | Lillian Gish,8,93.000,90.000,https://www.justwatch.com/de/Film/Die-Nacht-des-Jaegers,
249,292,Das Fest,Festen,1998,101,Drama | Komödie,DEN | SWE,Thomas Vinterberg,Ulrich Thomsen | Henning Moritzen | Thomas Bo Larsen,8,92.000,94.000,https://www.justwatch.com/de/Film/Das-Fest,
250,293,Der eiskalte Engel,Le Samouraï,1967,98,Drama | Krimi,FRA | ITA,Jean-Pierre Melville,Alain Delon | François Périer | Nathalie Delon,8,92.000,93.000,https://www.justwatch.com/de/Film/Der-eiskalte-Engel,
251,294,Guardians of the Galaxy,,2014,122,Action | Sci-Fi,USA,James Gunn,Chris Pratt | Zoe Saldaña | Dave Bautista,8,92.000,92.000,https://www.justwatch.com/de/Film/Guardians-of-the-Galaxy,
252,295,Das Bourne Ultimatum,The Bourne Ultimatum,2007,111,Action | Thriller,GER | UK | USA,Paul Greengrass,Matt Damon | Julia Stiles | David Strathairn,8,92.000,91.000,https://www.justwatch.com/de/Film/Das-Bourne-Ultimatum,
1210,296,Slumdog Millionär,Slumdog Millionaire,2008,120,Drama | Romanze,UK | USA,Danny Boyle,Dev Patel | Freida Pinto | Anil Kapoor,8,92.000,90.000,https://www.justwatch.com/de/Film/Slumdog-Millionaer,
253,297,Do the Right Thing,,1989,120,Drama | Komödie,USA,Spike Lee,Spike Lee | Danny Aiello | Bill Nunn,8,92.000,89.000,https://www.justwatch.com/de/Film/Do-the-Right-Thing,
254,298,Persona,,1966,85,Drama | Thriller,SWE,Ingmar Bergman,Bibi Andersson | Liv Ullmann | Margaretha Krook,8,91.000,93.000,https://www.justwatch.com/de/Film/Persona,
255,299,Nausicaä aus dem Tal der Winde,風の谷のナウシカ / Kaze no Tani no Naushika,1984,117,Fantasy | Sci-Fi,JAP,Hayao Miyazaki,,8,91.000,91.000,https://www.justwatch.com/de/Film/Nausicaae-aus-dem-Tal-der-Winde,
1012,300,Der Marsianer - Rettet Mark Watney,The Martian,2015,144,Abenteuer | Sci-Fi,UK | USA,Ridley Scott,Matt Damon | Jessica Chastain | Jeff Daniels,8,91.000,91.000,https://www.justwatch.com/de/Film/Der-Marsianer-Rettet-Mark-Watney,
256,301,Ein kurzer Film über das Töten,Krótki film o zabijaniu,1988,84,Drama | Krimi,GER | POL,Krzysztof Kieślowski,Mirosław Baka | Krzysztof Globisz | Jan Tesarz,8,91.000,90.000,https://www.justwatch.com/de/Film/Ein-kurzer-Film-ueber-das-Toeten,
257,302,Akira,アキラ / Akira,1988,124,Action | Sci-Fi,JAP,Katsuhiro Otomo,,8,91.000,90.000,https://www.justwatch.com/de/Film/Akira,
258,303,La La Land,,2016,128,Musical | Romanze,USA,Damien Chazelle,Ryan Gosling | Emma Stone | John Legend,8,91.000,82.000,https://www.justwatch.com/de/Film/La-La-Land-2016,
259,304,Chungking Express,Chunghing Sam Lam,1994,98,Drama | Romanze,HKG,Wong Kar-Wai,Brigitte Lin | Tony Leung Chiu-wai | Faye Wong,8,89.000,93.000,https://www.justwatch.com/de/Film/Chungking-Express,
260,305,Kagemusha – Der Schatten des Kriegers,Kagemusha,1980,180,Drama | Krieg,JAP,Akira Kurosawa,Tatsuya Nakadai | Tsutomu Yamazaki | Kenichi Hagiwara,8,89.000,92.000,https://www.justwatch.com/de/Film/Kagemusha-Der-Schatten-des-Kriegers,
261,306,Zwei Banditen,Butch Cassidy and the Sundance Kid,1969,105,Abenteuer | Western,USA,George Roy Hill,Paul Newman | Robert Redford | Katharine Ross,8,89.000,92.000,https://www.justwatch.com/de/Film/Butch-Cassidy-und-Sundance-Kid,
1211,307,Gandhi,,1982,191,Biografie | Drama,IND | UK,Richard Attenborough,Ben Kingsley | Candice Bergen | Edward Fox,8,89.000,92.000,https://www.justwatch.com/de/Film/Gandhi,
262,308,Opfer,Offret,1986,149,Drama | Mystery,FRA | SWE | UK,Andrei Tarkovsky,Erland Josephson | Susan Fleetwood | Allan Edwall,8,88.000,90.000,https://www.justwatch.com/de/Film/Opfer,
263,309,Rain Man,,1988,134,Drama | Roadmovie,USA,Barry Levinson,Dustin Hoffman | Tom Cruise | Valeria Golino,8,88.000,90.000,https://www.justwatch.com/de/Film/Rain-Man,
264,310,Blade Runner 2049,,2017,164,Action | Sci-Fi,USA,Denis Villeneuve,Ryan Gosling | Harrison Ford | Ana de Armas,8,88.000,88.000,https://www.justwatch.com/de/Film/Blade-Runner-2049,
1201,311,12 Monkeys,,1995,131,Sci-Fi | Thriller,USA,Terry Gilliam,Bruce Willis | Madeleine Stowe | Brad Pitt,8,88.000,88.000,https://www.justwatch.com/de/Film/12-Monkeys,
265,312,Donnie Darko,,2001,108,Sci-Fi | Thriller,USA,Richard Kelly,Jake Gyllenhaal | Jena Malone | Mary McDonnell,8,88.000,80.000,https://www.justwatch.com/de/Film/Donnie-Darko,
266,313,Die Reifeprüfung,The Graduate,1967,102,Komödie | Romanze,USA,Mike Nichols,Dustin Hoffman | Anne Bancroft | Katharine Ross,8,87.000,90.000,https://www.justwatch.com/de/Film/Die-Reifepruefung,
267,314,Der mit dem Wolf tanzt,Dances with Wolves,1990,181,Drama | Western,UK | USA,Kevin Costner,Kevin Costner | Mary McDonnell | Graham Greene,8,87.000,87.000,https://www.justwatch.com/de/Film/Der-mit-dem-Wolf-tanzt,
268,315,Winterschlaf,Kış Uykusu,2014,196,Coming-of-Age | Drama,TUR,Nuri Bilge Ceylan,Haluk Bilginer | Melisa Sözen | Demet Akbağ,8,87.000,84.000,https://www.justwatch.com/de/Film/Winterschlaf,
269,316,Underground,Подземље / Podzemlje,1995,163,Drama | Komödie,BUL | CZE | FRA | GER | HUN | SRB,Emir Kusturica,Miki Manojlović | Lazar Ristovski | Mirjana Joković,8,86.000,96.000,https://www.justwatch.com/de/Film/underground-1995,
1141,317,Ip Man,葉問 / Yè Wèn,2008,106,Action | Drama,CHN | HKG,Wilson Yip,Donnie Yen | Simon Yam | Fan Siu-Wong,8,86.000,93.000,https://www.justwatch.com/de/Film/Ip-Man,
270,318,Eine Frau unter Einfluß,A Woman Under the Influence,1974,155,Drama | Romanze,USA,John Cassavetes,Gena Rowlands | Peter Falk | Fred Draper,8,86.000,91.000,https://www.justwatch.com/de/Film/Eine-Frau-unter-Einfluss,
271,319,Planet der Affen,Planet of the Apes,1968,112,Abenteuer | Sci-Fi,USA,Franklin J. Schaffner,Charlton Heston | Roddy McDowall | Kim Hunter,8,86.000,88.000,https://www.justwatch.com/de/Film/Planet-der-Affen-1,
272,320,Der Duft der Frauen,Scent of a Woman,1992,156,Drama | Tragödie,USA,Martin Brest,Al Pacino | Chris O'Donnell | James Rebhorn,8,85.000,92.000,https://www.justwatch.com/de/Film/Der-Duft-der-Frauen,
273,321,Das Meer in mir,Mar adentro,2004,125,Biografie | Drama,ESP | FRA | ITA,Alejandro Amenábar,Javier Bardem | Belén Rueda | Lola Dueñas,8,85.000,92.000,https://www.justwatch.com/de/Film/Das-Meer-in-mir,
274,322,Deadpool,,2016,109,Action | Komödie,USA,Tim Miller,Ryan Reynolds | Morena Baccarin | Ed Skrein,8,85.000,90.000,https://www.justwatch.com/de/Film/Deadpool,
1194,323,JFK: Tatort Dallas,JFK,1991,189,Drama | Thriller,FRA | USA,Oliver Stone,Kevin Costner | Tommy Lee Jones | Gary Oldman,8,85.000,88.000,https://www.justwatch.com/de/Film/JFK-Tatort-Dallas,
275,324,Black Swan,,2010,108,Horror | Thriller,USA,Darren Aronofsky,Natalie Portman | Mila Kunis | Vincent Cassel,8,85.000,84.000,https://www.justwatch.com/de/Film/Black-Swan,
276,325,Kill Bill: Vol.2,,2004,137,Action | Thriller,USA,Quentin Tarantino,Uma Thurman | David Carradine | Michael Madsen,8,84.000,89.000,https://www.justwatch.com/de/Film/Kill-Bill-Vol-2,
277,326,Dune,,2021,155,Abenteuer | Sci-Fi,USA,Denis Villeneuve,Timothée Chalamet | Rebecca Ferguson | Oscar Isaac,8,83.000,90.000,https://www.justwatch.com/de/Film/Dune-2020,
1203,327,Into the Wild,,2007,148,Abenteuer | Drama,USA,Sean Penn,Emile Hirsch | Vince Vaughn | Catherine Keener,8,83.000,89.000,https://www.justwatch.com/de/Film/In-die-Wildnis,
278,328,Magnolia,,1999,188,Drama | Tragödie,USA,Paul Thomas Anderson,Tom Cruise | Julianne Moore | Philip Seymour Hoffman,8,82.000,89.000,https://www.justwatch.com/de/Film/Magnolia,
279,329,Manons Rache,Manon des sources,1986,113,Drama | Drama,FRA | ITA | SUI,Claude Berri,Emmanuelle Béart | Daniel Auteuil | Yves Montand,8,81.000,93.000,https://www.justwatch.com/de/Film/Manons-Rache,
1185,330,Nokan - Die Kunst des Ausklangs,おくりびと / Okuribito,2008,130,Drama | Drama,JAP,Yōjirō Takita,Masahiro Motoki | Ryōko Hirosue | Tsutomu Yamazaki,8,80.000,92.000,https://www.justwatch.com/de/Film/Nokan-Die-Kunst-des-Ausklangs,
280,331,The Revenant – Der Rückkehrer,The Revenant,2015,156,Abenteuer | Drama,USA,Alejandro G. Iñárritu,Leonardo DiCaprio | Tom Hardy | Domhnall Gleeson,8,78.000,84.000,https://www.justwatch.com/de/Film/The-Revenant,
281,332,Yol - Der Weg,Yol,1982,124,Drama | Politdrama,FRA | SUI | TUR,Yılmaz Güney,Tarık Akan | Şerif Sezer | Halil Ergün,8,77.000,94.000,https://www.justwatch.com/de/Film/Yol-Der-Weg,
282,333,Big Fish,,2003,125,Drama | Fantasy,USA,Tim Burton,Ewan McGregor | Albert Finney | Billy Crudup,8,76.000,89.000,https://www.justwatch.com/de/Film/Big-Fish-Der-Zauber-der-ein-Leben-zur-Legende-macht,
283,334,Sin City,,2005,119,Action | Krimi,USA,Robert Rodriguez,Mickey Rourke | Clive Owen | Bruce Willis,8,76.000,78.000,https://www.justwatch.com/de/Film/Sin-City,
284,335,Fitzcarraldo,,1982,158,Abenteuer | Drama,GER | PER,Werner Herzog,Klaus Kinski | Claudia Cardinale | José Lewgoy,8,74.000,92.000,https://www.justwatch.com/de/Film/Fitzcarraldo,
285,336,Landschaft im Nebel,Topio stin omichli,1988,127,Drama | Roadmovie,FRA | GRE | ITA,Theo Angelopoulos,Michalis Zeke | Tania Palaiologou | Stratos Tzortzoglou,8,71.000,91.000,https://www.justwatch.com/de/Film/Landschaft-im-Nebel,
286,337,In the Heat of the Sun,Yángguāng Cànlàn De Rìzi,1994,140,Drama | Romanze,CHN,Jiang Wen,Xia Yu | Ning Jing | Geng Le,8,70.000,96.000,,
287,338,Dogville,,2003,178,Drama | Krimi,DEN | FRA | GER | SWE | UK,Lars von Trier,Nicole Kidman | Paul Bettany | Lauren Bacall,8,70.000,89.000,https://www.justwatch.com/de/Film/Dogville,
288,339,Schande,Skammen,1968,103,Drama | Drama,SWE,Ingmar Bergman,Liv Ullmann | Max von Sydow | Gunnar Björnstrand,8,67.000,89.000,https://www.justwatch.com/de/Film/Schande-1968,
289,340,Tropa de Elite,,2007,115,Drama | Krimi,BRA,José Padilha,Wagner Moura | André Ramiro | Caio Junqueira,8,51.000,87.000,https://www.justwatch.com/de/Film/Elite-Squad,
290,341,Indien,,1993,90,Drama | Komödie,AUT,Paul Harather,Josef Hader | Alfred Dorfer | Maria Hofstätter,7.9,,,https://www.justwatch.com/de/Film/Indien,
291,342,Züchte Raben…,Cría cuervos,1976,112,Coming-of-Age | Drama,ESP,Carlos Saura,Ana Torrent | Geraldine Chaplin | Mónica Randall,7.9,100.000,94.000,https://www.justwatch.com/de/Film/Zuechte-Raben,
1152,343,Tampopo – Magische Nudeln,タンポポ  / Tanpopo,1985,114,Komödie | Satire,JAP,Jûzô Itami,Tsutomu Yamazaki | Nobuko Miyamoto | Kôji Yakusho,7.9,100.000,93.000,https://www.justwatch.com/de/Film/Tampopo,
292,344,Kes,,1969,112,Coming-of-Age | Drama,UK,Ken Loach,David Bradley | Freddie Fletcher | Lynne Perrie,7.9,100.000,91.000,https://www.justwatch.com/de/Film/kes,
293,345,Still Walking,Aruitemo aruitemo,2008,114,Drama | Tragödie,JAP,Hirokazu Koreeda,Hiroshi Abe | Yui Natsukawa | You,7.9,100.000,90.000,https://www.justwatch.com/de/Film/Gelbe-Schmetterlinge,
1241,346,Panzerkreuzer Potemkin,Броненосец Потёмкин / Bronenosets Potyomkin,1925,75,Drama | Krieg,UdSSR,Sergei Eisenstein,Alexsandr Antonov | Vladimir Barsky | Grigori Alexsandrov,7.9,100.000,86.000,https://www.justwatch.com/de/Film/Bronenosets-Potyomkin,
294,347,Der Spiegel,Zerkalo,1975,108,Biografie | Drama,UdSSR,Andrei Tarkovsky,Margarita Terekhova | Filipp Yankovskiy | Ignat Daniltsev,7.9,100.000,82.000,https://www.justwatch.com/de/Film/Der-Spiegel,
295,348,Shoplifters - Familienbande,Manbiki kazoku,2018,121,Drama | Krimi,JAP,Hirokazu Koreeda,Lily Franky | Sakura Ando | Kirin Kiki,7.9,99.000,91.000,https://www.justwatch.com/de/Film/Shoplifters,
1166,349,Die Spur des Falken,The Maltese Falcon,1941,100,Drama | Krimi,USA,John Huston,Humphrey Bogart | Mary Astor | Peter Lorre,7.9,99.000,91.000,https://www.justwatch.com/de/Film/Die-Spur-des-Falken,
296,350,"The Wrestler – Ruhm, Liebe, Schmerz",The Wrestler,2008,109,Drama | Sport,USA,Darren Aronofsky,Mickey Rourke | Marisa Tomei | Evan Rachel Wood,7.9,99.000,88.000,https://www.justwatch.com/de/Film/The-Wrestler-Ruhm-Liebe-Schmerz,
297,351,Der Fremde im Zug,Strangers on a Train,1951,93,Krimi | Thriller,USA,Alfred Hitchcock,Farley Granger | Robert Walker | Ruth Roman,7.9,98.000,92.000,https://www.justwatch.com/de/Film/Der-Fremde-im-Zug,
1064,352,Short Term 12,,2013,96,Drama | Drama,USA,Destin Daniel Cretton,Brie Larson | John Gallagher Jr. | Kaitlyn Dever,7.9,98.000,92.000,https://www.justwatch.com/de/Film/Short-Term-12-Stille-Helden,
298,353,Für eine Handvoll Dollar,Per un pugno di dollari,1964,99,Action | Western,ESP | GER | ITA,Sergio Leone,Clint Eastwood | Marianne Koch | Gian Maria Volonté,7.9,98.000,91.000,https://www.justwatch.com/de/Film/Fuer-eine-Handvoll-Dollar,
299,354,Der große Irrtum,Il conformista,1970,111,Drama | Thriller,FRA | GER | ITA,Bernardo Bertolucci,Jean-Louis Trintignant | Stefania Sandrelli | Gastone Moschin,7.9,98.000,90.000,https://www.justwatch.com/de/Film/Der-grosse-Irrtum,
300,355,Die Werckmeisterschen Harmonien,Werckmeister harmóniák,2000,145,Drama | Mystery,FRA | GER | HUN | ITA,Béla Tarr,Lars Rudolph | Peter Fitz | Hanna Schygulla,7.9,98.000,90.000,https://www.justwatch.com/de/Film/Die-Werckmeisterschen-Harmonien,
301,356,Der Leopard,Il Gattopardo,1963,185,Drama | Tragödie,FRA | ITA,Luchino Visconti,Burt Lancaster | Alain Delon | Claudia Cardinale,7.9,98.000,89.000,https://www.justwatch.com/de/Film/Der-Leopard,
302,357,Der diskrete Charme der Bourgeoisie,Le charme discret de la bourgeoisie,1972,102,Drama | Komödie,ESP | FRA | ITA,Luis Buñuel,Fernando Rey | Paul Frankeur | Delphine Seyrig,7.9,98.000,88.000,https://www.justwatch.com/de/Film/Der-diskrete-Charme-der-Bourgeoisie,
303,358,Tiger and Dragon,"Crouching Tiger, Hidden Dragon",2000,120,Abenteuer | Action,CHN | HKG | TWN | USA,Ang Lee,Chow Yun-Fat | Michelle Yeoh | Zhang Ziyi,7.9,98.000,86.000,https://www.justwatch.com/de/Film/Tiger-und-Dragon,
304,359,Before Midnight,,2013,109,Drama | Romanze,GRE | USA,Richard Linklater,Ethan Hawke | Julie Delpy | Seamus Davey-Fitzpatrick,7.9,98.000,82.000,https://www.justwatch.com/de/Film/Before-Midnight,
305,360,The Holdovers,,2023,133,Drama | Komödie,USA,Alexander Payne,Paul Giamatti | Da'Vine Joy Randolph | Dominic Sessa,7.9,97.000,92.000,https://www.justwatch.com/de/Film/the-holdovers,
1016,361,Die Katze auf dem heißen Blechdach,Cat on a Hot Tin Roof,1958,108,Drama | Komödie,USA,Richard Brooks,Elizabeth Taylor | Paul Newman | Burl Ives,7.9,97.000,92.000,https://www.justwatch.com/de/Film/Die-Katze-auf-dem-heissen-Blechdach,
1114,362,Knives Out – Mord ist Familiensache,Knives Out,2019,130,Komödie | Krimi,USA,Rian Johnson,Daniel Craig | Ana de Armas | Chris Evans,7.9,97.000,92.000,https://www.justwatch.com/de/Film/Knives-Out,
306,363,Botschafter der Angst,The Manchurian Candidate,1962,126,Drama | Thriller,USA,John Frankenheimer,Frank Sinatra | Laurence Harvey | Janet Leigh,7.9,97.000,90.000,https://www.justwatch.com/de/Film/Botschafter-der-Angst,
1018,364,Endstation Sehnsucht,A Streetcar Named Desire,1951,122,Drama | Drama,USA,Elia Kazan,Vivien Leigh | Marlon Brando | Kim Hunter,7.9,97.000,89.000,https://www.justwatch.com/de/Film/Endstation-Sehnsucht,
1260,365,Das verlorene Wochenende,The Lost Weekend,1945,101,Drama | Drama,USA,Billy Wilder,Ray Milland | Jane Wyman | Phillip Terry,7.9,97.000,89.000,https://www.justwatch.com/de/Film/Das-verlorene-Wochenende,
307,366,A Taxi Driver,Taxi Unjeonsa,2017,137,Action | Drama,KOR,Jang Hoon,Song Kang-ho | Thomas Kretschmann | Yoo Hae-jin,7.9,97.000,82.000,https://www.justwatch.com/de/Film/taegsiunjeonsa,
308,367,Boyhood,,2014,163,Coming-of-Age | Drama,USA,Richard Linklater,Ellar Coltrane | Patricia Arquette | Ethan Hawke,7.9,97.000,80.000,https://www.justwatch.com/de/Film/Boyhood,
309,368,This Is Spinal Tap,,1984,82,Komödie | Musical,USA,Rob Reiner,Michael McKean | Christopher Guest | Harry Shearer,7.9,96.000,92.000,https://www.justwatch.com/de/Film/Die-Jungs-von-Spinal-Tap,
310,369,In der Hitze der Nacht,In the Heat of the Night,1967,109,Drama | Thriller,USA,Norman Jewison,Sidney Poitier | Rod Steiger | Warren Oates,7.9,96.000,92.000,https://www.justwatch.com/de/Film/In-der-Hitze-der-Nacht,
1235,370,Im Zeichen des Bösen,Touch of Evil,1958,111,Krimi | Thriller,USA,Orson Welles,Charlton Heston | Orson Welles | Janet Leigh,7.9,96.000,92.000,https://www.justwatch.com/de/Film/Im-Zeichen-des-Boesen,
1264,371,Vier im roten Kreis,Le Cercle rouge,1970,140,Krimi | Thriller,FRA | ITA,Jean-Pierre Melville,Alain Delon | Yves Montand | Gian Maria Volonté,7.9,96.000,92.000,https://www.justwatch.com/de/Film/Vier-im-roten-Kreis,
311,372,Berüchtigt,Notorious,1946,98,Drama | Thriller,USA,Alfred Hitchcock,Cary Grant | Ingrid Bergman | Claude Rains,7.9,96.000,91.000,https://www.justwatch.com/de/Film/Beruechtigt,
312,373,Perfect Days,,2023,125,Drama | Tragödie,GER | JAP,Wim Wenders,Koji Yakusho | Tokio Emoto | Arisa Nakano,7.9,96.000,90.000,https://www.justwatch.com/de/Film/perfect-days,
313,374,"4 Monate, 3 Wochen und 2 Tage","4 luni, 3 săptămâni și 2 zile",2007,113,Drama | Tragödie,ROU,Cristian Mungiu,Anamaria Marinca | Laura Vasiliu | Vlad Ivanov,7.9,96.000,86.000,https://www.justwatch.com/de/Film/4-Monate-3-Wochen-und-2-Tage,
314,375,Der Himmel über Berlin,,1987,128,Fantasy | Romanze,FRA | GER,Wim Wenders,Bruno Ganz | Solveig Dommartin | Otto Sander,7.9,95.000,93.000,https://www.justwatch.com/de/Film/Der-Himmel-ueber-Berlin,
315,376,Die Ewigkeit und ein Tag,Μια αιωνιότητα και μια μέρα / Mia aioniótita kai mia méra,1998,137,Drama | Drama,GRE,Theo Angelopoulos,Bruno Ganz | Isabelle Renauld | Fabrizio Bentivoglio,7.9,95.000,93.000,https://www.justwatch.com/de/Film/die-ewigkeit-und-ein-tag,
316,377,Ghost In The Shell,攻殻機動隊 / Kōkaku Kidōtai,1995,83,Action | Sci-Fi,JAP | UK,Mamoru Oshii,,7.9,95.000,89.000,https://www.justwatch.com/de/Film/Ghost-in-the-Shell,
1161,378,Marriage Story,,2019,137,Drama | Komödie,USA,Noah Baumbach,Adam Driver | Scarlett Johansson | Laura Dern,7.9,95.000,85.000,https://www.justwatch.com/de/Film/Marriage-Story,
317,379,Asphalt-Haie,Pixote: A Lei do Mais Fraco,1981,128,Drama | Krimi,BRA,Héctor Babenco,Fernando Ramos | Marília Pêra | Jorge Julião,7.9,94.000,93.000,https://www.justwatch.com/de/Film/Asphalt-Haie,
318,380,Die Unbestechlichen,All the President’s Men,1976,138,Drama | Thriller,USA,Alan J. Pakula,Robert Redford | Dustin Hoffman | Jason Robards,7.9,94.000,92.000,https://www.justwatch.com/de/Film/Die-Unbestechlichen-1976,
319,381,Haie der Großstadt,The Hustler,1961,130,Drama | Sport,USA,Robert Rossen,Paul Newman | Jackie Gleason | Piper Laurie,7.9,94.000,92.000,https://www.justwatch.com/de/Film/Haie-der-Grossstadt,
320,382,Iron Man,,2008,126,Action | Sci-Fi,USA,Jon Favreau,Robert Downey Jr. | Gwyneth Paltrow | Terrence Howard,7.9,94.000,91.000,https://www.justwatch.com/de/Film/Iron-Man,
321,383,Boogie Nights,,1997,153,Drama | Komödie,USA,Paul Thomas Anderson,Mark Wahlberg | Julianne Moore | Burt Reynolds,7.9,94.000,89.000,https://www.justwatch.com/de/Film/Boogie-Nights,
1051,384,Zwölf Uhr mittags,High Noon,1952,85,Drama | Western,USA,Fred Zinnemann,Gary Cooper | Grace Kelly | Thomas Mitchell,7.9,94.000,89.000,https://www.justwatch.com/de/Film/12-Uhr-Mittags,
322,385,Arrival,,2016,116,Drama | Sci-Fi,USA,Denis Villeneuve,Amy Adams | Jeremy Renner | Forest Whitaker,7.9,94.000,82.000,https://www.justwatch.com/de/Film/Arrival-2016,
323,386,True Romance,,1993,120,Krimi | Romanze,USA,Tony Scott,Christian Slater | Patricia Arquette | Dennis Hopper,7.9,93.000,93.000,https://www.justwatch.com/de/Film/True-Romance,
324,387,No Man’s Land,"Ничија земља / Ničija zemlja,",2001,98,Drama | Komödie,BEL | BIH | FRA | ITA | SVN | UK,Danis Tanović,Branko Đurić | Rene Bitorajac | Filip Šovagović,7.9,93.000,92.000,https://www.justwatch.com/de/Film/No-Mans-Land,
325,388,Solaris,Soljaris,1972,167,Drama | Sci-Fi,UdSSR,Andrei Tarkovsky,Donatas Banionis | Natalya Bondarchuk | Jüri Järvet,7.9,93.000,89.000,https://www.justwatch.com/de/Film/Solaris-1972,
326,389,Der fantastische Mr. Fox,Fantastic Mr. Fox,2009,88,Animation | Komödie,UK | USA,Wes Anderson,George Clooney | Meryl Streep | Jason Schwartzman,7.9,93.000,85.000,https://www.justwatch.com/de/Film/Der-fantastische-Mr-Fox,
327,390,Liebe,Amour,2012,127,Drama | Tragödie,AUT | GER | FRA,Michael Haneke,Jean-Louis Trintignant | Emmanuelle Riva | Isabelle Huppert,7.9,93.000,82.000,https://www.justwatch.com/de/Film/Liebe-2012,
328,391,Shaun of the Dead,,2004,99,Horror | Komödie,FRA | UK,Edgar Wright,Simon Pegg | Nick Frost | Kate Ashfield,7.9,92.000,93.000,https://www.justwatch.com/de/Film/Shaun-of-the-Dead,
329,392,Patton – Rebell in Uniform,Patton,1970,170,Drama | Krieg,USA,Franklin J. Schaffner,George C. Scott | Karl Malden | Michael Bates,7.9,92.000,93.000,https://www.justwatch.com/de/Film/Patton-Rebell-in-Uniform,
330,393,Dallas Buyers Club,,2013,117,Biografie | Drama,USA,Jean-Marc Vallée,Matthew McConaughey | Jared Leto | Jennifer Garner,7.9,92.000,91.000,https://www.justwatch.com/de/Film/Dallas-Buyers-Club,
331,394,Children of Men,,2006,106,Sci-Fi | Thriller,UK | USA,Alfonso Cuarón,Clive Owen | Julianne Moore | Michael Caine,7.9,92.000,85.000,https://www.justwatch.com/de/Film/Kinder-der-Menschheit,
1261,395,Stalag 17,,1953,120,Komödie | Krieg,USA,Billy Wilder,William Holden | Don Taylor | Otto Preminger,7.9,91.000,93.000,https://www.justwatch.com/de/Film/Stalag-17,
332,396,Almost Famous – Fast berühmt,Almost Famous,2000,118,Drama | Komödie,USA,Cameron Crowe,Patrick Fugit | Kate Hudson | Billy Crudup,7.9,91.000,92.000,https://www.justwatch.com/de/Film/Almost-Famous-Fast-beruehmt,
333,397,Sprich mit ihr,Hable con ella,2002,112,Drama | Romanze,ESP,Pedro Almodóvar,Javier Cámara | Darío Grandinetti | Leonor Watling,7.9,91.000,92.000,https://www.justwatch.com/de/Film/Sprich-mit-ihr,
334,398,The Wild Bunch – Sie kannten kein Gesetz,The Wild Bunch,1969,145,Action | Western,USA,Sam Peckinpah,William Holden | Ernest Borgnine | Robert Ryan,7.9,91.000,90.000,https://www.justwatch.com/de/Film/The-Wild-Bunch-Sie-kannten-kein-Gesetz,
335,399,Edge of Tomorrow,,2014,113,Action | Sci-Fi,USA,Doug Liman,Tom Cruise | Emily Blunt | Bill Paxton,7.9,91.000,90.000,https://www.justwatch.com/de/Film/Edge-of-Tomorrow,
336,400,Harry Potter und der Gefangene von Askaban,Harry Potter and the Prisoner of Azkaban,2004,142,Abenteuer | Fantasy,UK | USA,Alfonso Cuarón,Daniel Radcliffe | Emma Watson | Rupert Grint,7.9,91.000,86.000,https://www.justwatch.com/de/Film/Harry-Potter-und-der-Gefangene-von-Askaban,
337,401,Edward mit den Scherenhänden,Edward Scissorhands,1990,101,Drama | Fantasy,USA,Tim Burton,Johnny Depp | Winona Ryder | Dianne Wiest,7.9,90.000,91.000,https://www.justwatch.com/de/Film/Edward-mit-den-Scherenhaenden,
338,402,District 9,,2009,112,Action | Sci-Fi,NZL | RSA | USA,Neill Blomkamp,Sharlto Copley | Jason Cope | David James,7.9,90.000,82.000,https://www.justwatch.com/de/Film/District-9,
339,403,Mystic River,,2003,138,Drama | Krimi,USA,Clint Eastwood,Sean Penn | Tim Robbins | Kevin Bacon,7.9,89.000,89.000,https://www.justwatch.com/de/Film/Mystic-River,
340,404,Nostalghia,Ностальгия / Nostalgija,1983,125,Drama | Tragödie,ITA | UdSSR,Andrei Tarkovsky,Oleg Yankovskiy | Erland Josephson | Domiziana Giordano,7.9,88.000,90.000,https://www.justwatch.com/de/Film/Nostalghia,
1221,405,Bin-Jip – Leere Häuser,빈집 / Bin-jip,2004,88,Drama | Romanze,KOR,Kim Ki-duk,Lee Seung-yeon | Jae Hee | Kwon Hyuk-ho,7.9,87.000,94.000,,
1081,406,Vielleicht lieber morgen,The Perks of Being a Wallflower,2012,103,Komödie | Romanze,USA,Stephen Chbosky,Logan Lerman | Emma Watson | Ezra Miller,7.9,85.000,89.000,https://www.justwatch.com/de/Film/Vielleicht-lieber-morgen,
341,407,Mulholland Drive – Straße der Finsternis,Mulholland Drive,2001,147,Noir | Thriller,FRA | USA,David Lynch,Naomi Watts | Laura Harring | Justin Theroux,7.9,84.000,87.000,https://www.justwatch.com/de/Film/Mulholland-Drive-Strasse-der-Finsternis,
342,408,Brügge sehen… und sterben?,In Bruges,2008,107,Krimi | Thriller,UK | USA,Martin McDonagh,Colin Farrell | Brendan Gleeson | Ralph Fiennes,7.9,84.000,87.000,https://www.justwatch.com/de/Film/Bruegge-sehen-und-sterben,
343,409,F1: The Movie,,2025,155,Action | Sport,USA,Joseph Kosinski,Brad Pitt | Damson Idris | Javier Bardem,7.9,83.000,97.000,https://www.justwatch.com/de/Film/F1,
1076,410,The Raid 2,The Raid 2: Berandal,2014,150,Action | Thriller,IDN | USA,Gareth Evans,Iko Uwais | Arifin Putra | Tio Pakusadewo,7.9,83.000,87.000,https://www.justwatch.com/de/Film/The-Raid-2,
344,411,Guardians of the Galaxy Vol. 3,,2023,150,Action | Sci-Fi,USA,James Gunn,Chris Pratt | Chukwudi Iwuji | Zoe Saldaña,7.9,82.000,94.000,https://www.justwatch.com/de/Film/Guardians-of-the-Galaxy-Vol-3,
1273,412,Doktor Schiwago,Doctor Zhivago,1965,197,Drama | Romanze,ITA | UK | USA,David Lean,Omar Sharif | Julie Christie | Geraldine Chaplin,7.9,82.000,88.000,https://www.justwatch.com/de/Film/Doktor-Schiwago,
345,413,Carlito's Way,,1993,144,Krimi | Thriller,USA,Brian de Palma,Al Pacino | Sean Penn | Penelope Ann Miller,7.9,81.000,88.000,https://www.justwatch.com/de/Film/Carlitos-Way-Weg-zur-Macht-1993,
346,414,Avatar – Aufbruch nach Pandora,Avatar,2009,162,Abenteuer | Sci-Fi,UK | USA,James Cameron,Sam Worthington | Zoe Saldaña | Sigourney Weaver,7.9,81.000,82.000,https://www.justwatch.com/de/Film/Avatar-Aufbruch-nach-Pandora,
347,415,Jojo Rabbit,,2019,108,Drama | Komödie,CZA | NZL | USA,Taika Waititi,Roman Griffin Davis | Thomasin McKenzie | Scarlett Johansson,7.9,80.000,94.000,https://www.justwatch.com/de/Film/Jojo-Rabbit,
348,416,Kaltblütig,In Cold Blood,1967,134,Drama | Krimi,USA,Richard Brooks,Robert Blake | Scott Wilson | John Forsythe,7.9,75.000,88.000,https://www.justwatch.com/de/Film/Kaltbluetig,
349,417,Dancer in the Dark,,2000,140,Drama | Tragödie,DEN | FRA | GER | ITA | SWE | UK | USA,Lars von Trier,Björk | Catherine Deneuve | David Morse,7.9,70.000,91.000,https://www.justwatch.com/de/Film/Dancer-in-the-Dark,
350,418,Die Brücke,,1959,105,Drama | Krieg,GER,Bernhard Wicki,Volker Bohnet | Fritz Wepper | Michael Hinz,7.9,70.000,70.000,https://www.justwatch.com/de/Film/Die-Bruecke-1959,
351,419,Alice in den Städten,,1974,110,Drama | Roadmovie,GER,Wim Wenders,Rüdiger Vogler | Yella Rottländer | Lisa Kreuzer,7.8,100.000,91.000,https://www.justwatch.com/de/Film/Alice-in-den-Staedten,
1271,420,Eine Stadt der Traurigkeit,悲情城市 / Bēiqíng Chéngshì,1989,157,Drama | Tragödie,TWN,Hou Hsiao-hsien,Tony Leung Chiu-wai | Sung-Young Chen | Jack Kao,7.8,100.000,90.000,https://www.justwatch.com/de/Film/Eine-Stadt-der-Traurigkeit,
352,421,Im Schatten des Zweifels,Shadow of a Doubt,1943,108,Drama | Thriller,USA,Alfred Hitchcock,Teresa Wright | Joseph Cotten | Macdonald Carey,7.8,100.000,89.000,https://www.justwatch.com/de/Film/Im-Schatten-des-Zweifels,
1275,422,Geheimnisvolle Erbschaft,Great Expectations,1946,118,Drama | Romanze,UK,David Lean,John Mills | Valerie Hobson | Anthony Wager,7.8,100.000,88.000,https://www.justwatch.com/de/Film/Geheimnisvolle-Erbschaft,
1053,423,Ringo,Stagecoach,1939,96,Drama | Western,USA,John Ford,John Wayne | Claire Trevor | Thomas Mitchell,7.8,100.000,86.000,https://www.justwatch.com/de/Film/Hoellenfahrt-nach-Santa-Fe,
1217,424,Poetry,시 / Si,2010,139,Drama | Drama,KOR,Lee Chang-dong,Yoon Jeong-hee | Lee David | Kim Hira,7.8,100.000,86.000,https://www.justwatch.com/de/Film/Poetry,
353,425,Das Geständnis,L’Aveu,1970,139,Drama | Thriller,FRA | ITA,Costa-Gavras,Yves Montand | Simone Signoret | Gabriele Ferzetti,7.8,100.000,85.000,,
354,426,Godzilla Minus One,ゴジラ-1.0 / Gojira Mainasu Wan,2023,125,Action | Sci-Fi,JAP,Takashi Yamazaki,Ryunosuke Kamiki | Minami Hamabe | Sakura Ando,7.8,99.000,98.000,https://www.justwatch.com/de/Film/godzilla-minus-one,
355,427,Sein Mädchen für besondere Fälle,His Girl Friday,1940,92,Komödie | Romanze,USA,Howard Hawks,Cary Grant | Rosalind Russell | Ralph Bellamy,7.8,99.000,90.000,https://www.justwatch.com/de/Film/His-Girl-Friday-Sein-Maedchen-fuer-besondere-Faelle,
356,428,Alles über meine Mutter,Todo sobre mi madre,1999,101,Drama | Komödie,ESP | FRA,Pedro Almodóvar,Cecilia Roth | Marisa Paredes | Antonia San Juan,7.8,98.000,93.000,https://www.justwatch.com/de/Film/Alles-ueber-meine-Mutter,
357,429,Mein linker Fuß,My Left Foot,1989,103,Biografie | Drama,IRE | UK,Jim Sheridan,Daniel Day-Lewis | Brenda Fricker | Ray McAnally,7.8,98.000,92.000,https://www.justwatch.com/de/Film/Mein-linker-Fuss,
358,430,So finster die Nacht,Låt den rätte komma in,2008,114,Drama | Horror,SWE,Tomas Alfredson,Kåre Hedebrant | Lina Leandersson | Per Ragnar,7.8,98.000,90.000,https://www.justwatch.com/de/Film/So-finster-die-Nacht,
359,431,Brazil,,1985,142,Komödie | Sci-Fi,UK | USA,Terry Gilliam,Jonathan Pryce | Kim Greist | Robert de Niro,7.8,98.000,90.000,https://www.justwatch.com/de/Film/Brazil,
360,432,Tatis herrliche Zeiten,Playtime,1967,115,Drama | Komödie,FRA | ITA,Jacques Tati,Jacques Tati | Barbara Dennek | Rita Maiden,7.8,98.000,89.000,https://www.justwatch.com/de/Film/Tatis-herrliche-Zeiten,
1126,433,Frankensteins Braut,Bride of Frankenstein,1935,75,Drama | Horror,USA,James Whale,Boris Karloff | Colin Clive | Ernest Thesiger,7.8,98.000,87.000,https://www.justwatch.com/de/Film/Frankensteins-Rueckkehr,
361,434,Get Out,,2017,104,Horror | Komödie,USA,Jordan Peele,Daniel Kaluuya | Allison Williams | Bradley Whitford,7.8,98.000,86.000,https://www.justwatch.com/de/Film/Get-Out,
362,435,Drei Farben: Blau,Trois couleurs: Bleu,1993,99,Drama | Romanze,FRA | POL,Krzysztof Kieślowski,Juliette Binoche | Benoît Régent | Florence Pernel,7.8,97.000,93.000,https://www.justwatch.com/de/Film/Drei-Farben-Blau,
363,436,In den Straßen der Bronx,A Bronx Tale,1993,121,Drama | Krimi,USA,Robert de Niro,Robert de Niro | Chazz Palminteri | Lillo Brancato,7.8,97.000,93.000,https://www.justwatch.com/de/Film/In-den-Strassen-der-Bronx,
364,437,Babettes Fest,Babettes gæstebud,1987,102,Drama | Komödie,DEN,Gabriel Axel,Stéphane Audran | Birgitte Federspiel | Bodil Kjer,7.8,97.000,91.000,https://www.justwatch.com/de/Film/Babettes-Fest,
1200,438,Wo die wilden Menschen jagen,Hunt for the Wilderpeople,2016,101,Abenteuer | Komödie,NZL,Taika Waititi,Julian Dennison | Sam Neill | Rima Te Wiata,7.8,97.000,91.000,https://www.justwatch.com/de/Film/Wo-die-wilden-Menschen-jagen,
365,439,Dieses obskure Objekt der Begierde,Cet obscur objet du désir,1977,103,Drama | Satire,ESP | FRA,Luis Buñuel,Fernando Rey | Carole Bouquet | Ángela Molina,7.8,97.000,90.000,https://www.justwatch.com/de/Film/Dieses-obskure-Objekt-der-Begierde,
366,440,The Lunchbox,Dabba,2013,105,Komödie | Romanze,FRA | GER | IND | USA,Ritesh Batra,Irrfan Khan | Nimrat Kaur | Nawazuddin Siddiqui,7.8,97.000,87.000,https://www.justwatch.com/de/Film/Lunchbox,
1251,441,Nosferatu – Eine Symphonie des Grauens,,1922,94,Fantasy | Horror,GER,F.W. Murnau,Max Schreck | Gustav von Wangenheim | Greta Schröder,7.8,97.000,87.000,https://www.justwatch.com/de/Film/Die-zwoelfte-Stunde-Eine-Nacht-des-Grauens,
1127,442,RRR,రౌద్రం రణం రుధిరం / Roudram Ranam Rudhiram,2022,187,Action | Drama,IND,S. S. Rajamouli,N. T. Rama Rao Jr. | Ram Charan | Alia Bhatt,7.8,96.000,94.000,https://www.justwatch.com/de/Film/raudrN-rnnN-rudhirN,
367,443,Boyz n the Hood – Jungs im Viertel,Boyz n the Hood,1991,112,Drama | Krimi,USA,John Singleton,Cuba Gooding Jr. | Ice Cube | Laurence Fishburn,7.8,96.000,93.000,https://www.justwatch.com/de/Film/Boyz-N-the-Hood-Jungs-im-Viertel,
368,444,"Aguirre, der Zorn Gottes",,1972,94,Abenteuer | Drama,GER | MEX | PER,Werner Herzog,Klaus Kinski | Helena Rojo | Ruy Guerra,7.8,96.000,91.000,https://www.justwatch.com/de/Film/Aguirre-der-Zorn-Gottes,
369,445,Insider,The Insider,1999,157,Drama | Thriller,USA,Michael Mann,Al Pacino | Russell Crowe | Christopher Plummer,7.8,96.000,90.000,https://www.justwatch.com/de/Film/The-Insider,
370,446,"Hiroshima, mon amour",,1959,88,Drama | Romanze,FRA | JAP,Alain Resnais,Emmanuelle Riva | Eiji Okada | Stella Dassas,7.8,96.000,89.000,https://www.justwatch.com/de/Film/Hiroshima-mon-amour,
371,447,Auf der Flucht,The Fugitive,1993,130,Action | Thriller,USA,Andrew Davis,Harrison Ford | Tommy Lee Jones | Sela Ward,7.8,96.000,89.000,https://www.justwatch.com/de/Film/Auf-der-Flucht-1993,
372,448,Ein Prophet,Un prophète,2009,155,Drama | Krimi,FRA | ITA,Jacques Audiard,Tahar Rahim | Niels Arestrup | Adel Bencherif,7.8,96.000,89.000,https://www.justwatch.com/de/Film/Ein-Prophet,
373,449,The Social Network,,2010,120,Biografie | Drama,USA,David Fincher,Jesse Eisenberg | Andrew Garfield | Justin Timberlake,7.8,96.000,87.000,https://www.justwatch.com/de/Film/The-Social-Network,
1249,450,Deutschland im Jahre Null,Germania anno zero,1948,75,Drama | Krieg,ITA,Roberto Rossellini,Edmund Moeschke | Ernst Pittschau | Ingetraud Hinze,7.8,96.000,86.000,https://www.justwatch.com/de/Film/Deutschland-im-Jahre-Null,
1063,451,Manchester by the Sea,,2016,137,Drama | Tragödie,USA,Kenneth Lonergan,Casey Affleck | Lucas Hedges | Michelle Williams,7.8,96.000,78.000,https://www.justwatch.com/de/Film/Manchester-by-the-Sea,
374,452,Past Lives – In einem anderen Leben,Past Lives,2023,106,Drama | Romanze,KOR | USA,Celine Song,Greta Lee | Teo Yoo | John Magaro,7.8,95.000,93.000,https://www.justwatch.com/de/Film/past-lives,
375,453,Glory,,1989,122,Drama | Krieg,USA,Edward Zwick,Matthew Broderick | Denzel Washington | Morgan Freeman,7.8,95.000,93.000,https://www.justwatch.com/de/Film/Glory-1989,
1097,454,Little Women,,2019,135,Drama | Romanze,USA,Greta Gerwig,Saoirse Ronan | Florence Pugh | Emma Watson,7.8,95.000,92.000,https://www.justwatch.com/de/Film/Little-Women-2019,
376,455,Ghostbusters – Die Geisterjäger,Ghostbusters,1984,105,Fantasy | Komödie,USA,Ivan Reitman,Bill Murray | Dan Aykroyd | Harold Ramis,7.8,95.000,88.000,https://www.justwatch.com/de/Film/Ghost-Busters,
377,456,The Artist,,2011,100,Drama | Komödie,FRA,Michel Hazanavicius,Jean Dujardin | Bérénice Bejo | John Goodman,7.8,95.000,87.000,https://www.justwatch.com/de/Film/The-Artist,
378,457,Die Nacht der lebenden Toten,Night of the Living Dead,1968,96,Horror | Thriller,USA,George A. Romero,Duane Jones | Judith O'Dea | Karl Hardman,7.8,95.000,87.000,https://www.justwatch.com/de/Film/Die-Nacht-der-lebenden-Toten,
379,458,The Irishman,,2019,210,Krimi | Drama,USA,Martin Scorsese,Robert de Niro | Al Pacino | Joe Pesci,7.8,95.000,86.000,https://www.justwatch.com/de/Film/The-Irishman,
380,459,Nightcrawler – Jede Nacht hat ihren Preis,Nightcrawler,2014,117,Krimi | Thriller,USA,Dan Gilroy,Jake Gyllenhaal | Rene Russo | Riz Ahmed,7.8,95.000,86.000,https://www.justwatch.com/de/Film/Nightcrawler-Jede-Nacht-hat-ihren-Preis,
381,460,Der Holzschuhbaum,L’albero degli zoccoli,1978,186,Drama | Tragödie,FRA | ITA,Ermanno Olmi,Luigi Ornaghi | Francesca Moriggi | Omar Brignoli,7.8,95.000,86.000,https://www.justwatch.com/de/Film/Der-Holzschuhbaum,
382,461,Jeanne Dielman,"Jeanne Dielman, 23, quai du Commerce, 1080 Bruxelles",1975,201,Drama | Tragödie,BEL,Chantal Akerman,Delphine Seyrig | Jan Decorte | Henri Storck,7.8,95.000,78.000,https://www.justwatch.com/de/Film/Jeanne-Dielman,
383,462,Systemsprenger,,2019,120,Drama | Drama,GER,Nora Fingscheidt,Helena Zengel | Albrecht Schuch | Gabriela Maria Schmeide,7.8,94.000,95.000,https://www.justwatch.com/de/Film/Systemsprenger,
384,463,Die Ballade von Narayama,楢山節考 / Narayama Bushikō,1983,130,Drama | Mystery,JAP,Shōhei Imamura,Ken Ogata | Sumiko Sakamoto | Tonpei Hidari,7.8,94.000,88.000,https://www.justwatch.com/de/Film/You-Shan-Jie-Kao,
385,464,Everything Everywhere All at Once,,2022,139,Action | Komödie,USA,"Daniel Kwan, Daniel Scheinert",Michelle Yeoh | Stephanie Hsu | Ke Huy Quan,7.8,94.000,79.000,https://www.justwatch.com/de/Film/Everything-Everywhere-All-at-Once,
386,465,The Killing Fields – Schreiendes Land,The Killing Fields,1984,141,Drama | Krieg,UK,Roland Joffé,Sam Waterston | Haing S. Ngor | John Malkovich,7.8,93.000,91.000,https://www.justwatch.com/de/Film/Killing-Fields-Schreiendes-Land,
1107,466,Mittwoch zwischen 5 und 7,Cléo de 5 à 7,1962,90,Drama | Drama,FRA | ITA,Agnès Varda,Corinne Marchand | Dominique Davray | Antoine Bourseiller,7.8,93.000,89.000,https://www.justwatch.com/de/Film/Cleo-Mittwoch-zwischen-5-und-7,
387,467,Moonrise Kingdom,,2012,94,Komödie | Romanze,USA,Wes Anderson,Jared Gilman | Kara Hayward | Bruce Willis,7.8,93.000,86.000,https://www.justwatch.com/de/Film/Moonrise-Kingdom,
388,468,Poor Things,,2023,141,Komödie | Sci-Fi,IRE | UK | USA,Yorgos Lanthimos,Emma Stone | Mark Ruffalo | Willem Dafoe,7.8,93.000,80.000,https://www.justwatch.com/de/Film/poor-things,
389,469,Drive,,2011,100,Action | Thriller,USA,Nicolas Winding Refn,Ryan Gosling | Carey Mulligan | Bryan Cranston,7.8,93.000,79.000,https://www.justwatch.com/de/Film/Drive-2011,
390,470,Verbrechen und andere Kleinigkeiten,Crimes and Misdemeanors,1989,100,Drama | Komödie,USA,Woody Allen,Martin Landau | Woody Allen | Anjelica Huston,7.8,92.000,91.000,https://www.justwatch.com/de/Film/verbrechen-und-andere-kleinigkeiten,
391,471,Zombie,Dawn of the Dead,1978,127,Action | Horror,ITA | USA,George A. Romero,David Emge | Ken Foree | Scott H. Reiniger,7.8,92.000,90.000,https://www.justwatch.com/de/Film/Zombie,
392,472,Hannah und ihre Schwestern,Hannah and Her Sisters,1986,103,Komödie | Romanze,USA,Woody Allen,Mia Farrow | Dianne Wiest | Barbara Hershey,7.8,92.000,90.000,https://www.justwatch.com/de/Film/Hannah-und-ihre-Schwestern,
393,473,"Ich, Daniel Blake","I, Daniel Blake",2016,100,Drama | Drama,BEL | FRA | UK,Ken Loach,Dave Johns | Hayley Squires | Briana Shann,7.8,92.000,85.000,https://www.justwatch.com/de/Film/Ich-Daniel-Blake,
394,474,Dunkirk,,2017,106,Action | Krieg,UK | USA,Christopher Nolan,Fionn Whitehead | Tom Hardy | Mark Rylance,7.8,92.000,81.000,https://www.justwatch.com/de/Film/Dunkirk,
395,475,Once Upon a Time in Anatolia,Bir Zamanlar Anadolu’da,2011,157,Drama | Krimi,BIH | TUR,Nuri Bilge Ceylan,Muhammet Uzuner | Yılmaz Erdoğan | Taner Birsel,7.8,92.000,74.000,https://www.justwatch.com/de/Film/Es-war-einmal-in-Anatolien,
396,476,Der Texaner,The Outlaw Josey Wales,1976,135,Drama | Western,USA,Clint Eastwood,Clint Eastwood | Chief Dan George | Sondra Locke,7.8,91.000,91.000,https://www.justwatch.com/de/Film/Der-Texaner,
1231,477,Die Geschichte der Nana S.,Vivre sa vie: Film en douze tableaux,1962,83,Drama | Drama,FRA,Jean-Luc Godard,Anna Karina | Sady Rebbot | André S. Labarthe,7.8,91.000,91.000,https://www.justwatch.com/de/Film/die-geschichte-der-nana-s,
397,478,Misery,,1990,107,Horror | Thriller,USA,Rob Reiner,James Caan | Kathy Bates | Richard Farnsworth,7.8,91.000,90.000,https://www.justwatch.com/de/Film/Misery,
398,479,Hot Fuzz – Zwei abgewichste Profis,Hot Fuzz,2007,121,Action | Komödie,FRA | UK,Edgar Wright,Simon Pegg | Nick Frost | Jim Broadbent,7.8,91.000,89.000,https://www.justwatch.com/de/Film/Hot-Fuzz-Zwei-abgewichste-Profis,
1048,480,Letters from Iwo Jima,,2006,140,Drama | Krieg,USA,Clint Eastwood,Ken Watanabe | Kazunari Ninomiya | Tsuyoshi Ihara,7.8,91.000,86.000,https://www.justwatch.com/de/Film/Letters-from-Iwo-Jima,
399,481,Der Filmamateur,Amator,1979,112,Drama | Komödie,POL,Krzysztof Kieślowski,Jerzy Stuhr | Małgorzata Ząbkowska | Ewa Pokas,7.8,90.000,92.000,https://www.justwatch.com/de/Film/Amator,
1106,482,Im Westen nichts Neues,,2022,148,Drama | Krieg,GER,Edward Berger,Felix Kammerer | Albrecht Schuch | Aaron Hilmer,7.8,90.000,90.000,https://www.justwatch.com/de/Film/All-Quiet-on-the-Western-Front,
400,483,Moon,,2009,97,Drama | Sci-Fi,UK | USA,Duncan Jones,Sam Rockwell | Kevin Spacey | Dominique McElligott,7.8,90.000,89.000,https://www.justwatch.com/de/Film/Moon,
1186,484,The First Avenger: Civil War,Captain America: Civil War,2016,146,Action | Sci-Fi,USA,"Anthony Russo, Joe Russo",Chris Evans | Robert Downey Jr. | Scarlett Johansson,7.8,90.000,89.000,https://www.justwatch.com/de/Film/The-First-Avenger-Civil-War,
401,485,Isle of Dogs – Ataris Reise,Isle of Dogs,2018,102,Animation | Komödie,GER | UK | USA,Wes Anderson,Bryan Cranston | Koyu Rankin | Edward Norton,7.8,90.000,87.000,https://www.justwatch.com/de/Film/Isle-of-Dogs-Ataris-Rise,
1219,486,Oasis,오아시스 / Oasiseu,2002,133,Drama | Romanze,KOR,Lee Chang-dong,Sol Kyung-gu | Moon So-ri | Ahn Nae-sang,7.8,90.000,83.000,,
402,487,The King of Comedy,,1982,109,Drama | Komödie,USA,Martin Scorsese,Robert de Niro | Jerry Lewis | Sandra Bernhard,7.8,89.000,90.000,https://www.justwatch.com/de/Film/The-King-of-Comedy,
403,488,Asphalt-Cowboy,Midnight Cowboy,1969,113,Drama | Tragödie,USA,John Schlesinger,Jon Voight | Dustin Hoffman | Sylvia Miles,7.8,89.000,88.000,https://www.justwatch.com/de/Film/Asphalt-Cowboy,
404,489,Eat Drink Man Woman,飲食男女 / Yǐn Shí Nán Nǚ,1994,124,Drama | Komödie,TWN | USA,Ang Lee,Sihung Lung | Kuei-Mei Yang | Wang Yu-wen,7.8,88.000,92.000,https://www.justwatch.com/de/Film/yin-shi-nan-nu,
1245,490,Amarcord,,1973,125,Drama | Komödie,FRA | ITA,Federico Fellini,Bruno Zanin | Magali Noël | Pupella Maggio,7.8,88.000,90.000,https://www.justwatch.com/de/Film/Amarcord,
405,491,Hinter dem Rampenlicht,All That Jazz,1979,123,Drama | Musical,USA,Bob Fosse,Roy Scheider | Jessica Lange | Ann Reinking,7.8,88.000,85.000,https://www.justwatch.com/de/Film/Hinter-dem-Rampenlicht,
1092,492,Hamnet,,2025,125,Drama | Romanze,UK | USA,Chloé Zhao,Paul Mescal | Jessie Buckley | Emily Watson,7.8,87.000,93.000,https://www.justwatch.com/de/Film/hamnet,
1052,493,Der Schwarze Falke,The Searchers,1956,119,Drama | Western,USA,John Ford,John Wayne | Jeffrey Hunter | Natalie Wood,7.8,87.000,88.000,https://www.justwatch.com/de/Film/Der-schwarze-Falke,
406,494,"Like Father, Like Son",そして父になる / Soshite Chichi ni Naru,2013,121,Drama | Familienfilm,JAP,Hirokazu Koreeda,Masaharu Fukuyama | Machiko Ono | Yôko Maki,7.8,86.000,89.000,https://www.justwatch.com/de/Film/Like-Father-Like-Son,
1015,495,Der Wildeste unter Tausend,Hud,1963,112,Drama | Western,USA,Martin Ritt,Paul Newman | Melvyn Douglas | Patricia Neal,7.8,86.000,89.000,https://www.justwatch.com/de/Film/Der-Wildeste-unter-Tausend,
407,496,Verblendung,The Girl with the Dragon Tattoo,2011,158,Krimi | Thriller,SWE | USA,David Fincher,Daniel Craig | Rooney Mara | Christopher Plummer,7.8,86.000,86.000,https://www.justwatch.com/de/Film/Verblendung-2011,
408,497,Breaking the Waves,,1996,158,Drama | Tragödie,DEN | FIN | FRA | GER | ISL | ITA | NED | NOR | SWE | USA,Lars von Trier,Emily Watson | Stellan Skarsgård | Katrin Cartlidge,7.8,85.000,91.000,https://www.justwatch.com/de/Film/Breaking-The-Waves,
409,498,The Batman,,2022,176,Action | Krimi,USA,Matt Reeves,Robert Pattinson | Zoë Kravitz | Paul Dano,7.8,85.000,87.000,https://www.justwatch.com/de/Film/The-Batman,
410,499,Das weiße Band – Eine deutsche Kindergeschichte,,2009,144,Drama | Mystery,AUT | FRA | GER | ITA,Michael Haneke,Christian Friedel | Ernst Jacobi | Leonie Benesch,7.8,85.000,79.000,https://www.justwatch.com/de/Film/Das-weisse-Band-Eine-deutsche-Kindergeschichte,
411,500,Die Bourne Identität,The Bourne Identity,2002,118,Action | Thriller,CZE | GER | USA,Doug Liman,Matt Damon | Franka Potente | Chris Cooper,7.8,84.000,93.000,https://www.justwatch.com/de/Film/Die-Bourne-Identitaet,
412,501,Rogue One: A Star Wars Story,,2016,133,Abenteuer | Sci-Fi,USA,Gareth Edwards,Felicity Jones | Diego Luna | Alan Tudyk,7.8,84.000,87.000,https://www.justwatch.com/de/Film/Rogue-One-A-Star-Wars-Story,
413,502,The Untouchables – Die Unbestechlichen,The Untouchables,1987,119,Drama | Krimi,USA,Brian de Palma,Kevin Costner | Sean Connery | Robert de Niro,7.8,83.000,89.000,https://www.justwatch.com/de/Film/Die-Unbestechlichen-1987,
1098,503,Abbitte,Atonement,2007,123,Drama | Romanze,FRA | USA,Joe Wright,James McAvoy | Keira Knightley | Saoirse Ronan,7.8,83.000,80.000,https://www.justwatch.com/de/Film/Abbitte,
414,504,The Chaser,추격자 / Chugyeokja,2008,123,Krimi | Thriller,KOR,Na Hong-jin,Kim Yoon-seok | Ha Jung-woo | Seo Young-hee,7.8,82.000,89.000,https://www.justwatch.com/de/Film/The-Chaser-2008,
415,505,Nur Pferden gibt man den Gnadenschuß,"They Shoot Horses, Don’t They?",1969,119,Drama | Drama,USA,Sydney Pollack,Jane Fonda | Michael Sarrazin | Gig Young,7.8,82.000,89.000,https://www.justwatch.com/de/Film/Amarcord,
416,506,I Saw the Devil,악마를 보았다 / Angma-reul Boatda,2010,142,Action | Thriller,KOR,Kim Jee-woon,Lee Byung-hun | Choi Min-sik | Jeon Gook-hwan,7.8,82.000,87.000,https://www.justwatch.com/de/Film/I-saw-the-Devil,
1083,507,Captain Fantastic – Einmal Wildnis und zurück,Captain Fantastic,2016,120,Drama | Komödie,USA,Matt Ross,Viggo Mortensen | George MacKay | Samantha Isler,7.8,82.000,85.000,https://www.justwatch.com/de/Film/Captain-Fantastic,
1023,508,American Gangster,,2007,157,Drama | Krimi,USA,Ridley Scott,Denzel Washington | Russell Crowe | Josh Brolin,7.8,81.000,90.000,https://www.justwatch.com/de/Film/American-Gangster,
417,509,Zeit des Erwachens,Awakenings,1990,116,Biografie | Drama,USA,Penny Marshall,Robert de Niro | Robin Williams | Julie Kavner,7.8,81.000,89.000,https://www.justwatch.com/de/Film/Zeit-des-Erwachens,
418,510,Predator,,1987,107,Action | Sci-Fi,USA,John McTiernan,Arnold Schwarzenegger | Carl Weathers | Elpidia Carrillo,7.8,80.000,87.000,https://www.justwatch.com/de/Film/Predator,
419,511,Mississippi Burning – Die Wurzel des Hasses,Mississippi Burning,1988,128,Krimi | Thriller,USA,Alan Parker,Gene Hackman | Willem Dafoe | Frances McDormand,7.8,79.000,90.000,https://www.justwatch.com/de/Film/Mississippi-Burning-Die-Wurzel-des-Hasses,
420,512,Tombstone,,1993,130,Action | Western,USA,George P. Cosmatos,Kurt Russell | Val Kilmer | Sam Elliott,7.8,76.000,93.000,https://www.justwatch.com/de/Film/Tombstone,
421,513,The Gentlemen,,2019,113,Action | Komödie,UK | USA,Guy Ritchie,Matthew McConaughey | Charlie Hunnam | Hugh Grant,7.8,75.000,84.000,https://www.justwatch.com/de/Film/The-Gentlemen,
422,514,Training Day,,2001,122,Krimi | Thriller,USA,Antoine Fuqua,Denzel Washington | Ethan Hawke | Scott Glenn,7.8,74.000,89.000,https://www.justwatch.com/de/Film/Training-Day,
1189,515,Der Hobbit: Smaugs Einöde,The Hobbit: The Desolation of Smaug,2013,161,Abenteuer | Fantasy,NZL | USA,Peter Jackson,Martin Freeman | Ian McKellen | Richard Armitage,7.8,74.000,85.000,https://www.justwatch.com/de/Film/Der-Hobbit-Smaugs-Einoede,
423,516,The Hateful 8,The Hateful Eight,2015,187,Action | Western,USA,Quentin Tarantino,Samuel L. Jackson | Kurt Russell | Jennifer Jason Leigh,7.8,74.000,77.000,https://www.justwatch.com/de/Film/The-Hateful-Eight,
424,517,Der seltsame Fall des Benjamin Button,The Curious Case of Benjamin Button,2008,166,Drama | Fantasy,USA,David Fincher,Brad Pitt | Cate Blanchett | Tilda Swinton,7.8,72.000,80.000,https://www.justwatch.com/de/Film/Der-seltsame-Fall-des-Benjamin-Button,
425,518,Gegen jede Regel,Remember the Titans,2000,113,Drama | Sport,USA,Boaz Yakin,Denzel Washington | Will Patton | Wood Harris,7.8,71.000,93.000,https://www.justwatch.com/de/Film/Gegen-jede-Regel,
426,519,Akira Kurosawas Träume,夢 / Yume,1990,119,Drama | Fantasy,JAP | USA,Akira Kurosawa,Akira Terao | Mitsuko Baisho | Chishū Ryū,7.8,67.000,86.000,https://www.justwatch.com/de/Film/Akira-Kurosawas-Traeume,
427,520,Last Samurai,The Last Samurai,2003,154,Action | Krieg,JAP | NZL | USA,Edward Zwick,Tom Cruise | Ken Watanabe | Timothy Spall,7.8,66.000,83.000,https://www.justwatch.com/de/Film/Last-Samurai,
428,521,Twin Peaks - Der Film,Twin Peaks: Fire Walk with Me,1992,135,Horror | Thriller,FRA | USA,David Lynch,Sheryl Lee | Ray Wise | Moira Kelly,7.8,65.000,78.000,https://www.justwatch.com/de/Film/Twin-Peaks-Der-Film,
1188,522,Der Hobbit: Eine unerwartete Reise,The Hobbit: An Unexpected Journey,2012,169,Abenteuer | Fantasy,NZL | USA,Peter Jackson,Martin Freeman | Ian McKellen | Richard Armitage,7.8,64.000,83.000,https://www.justwatch.com/de/Film/Der-Hobbit-Eine-unerwartete-Reise,
429,523,Zurück in die Zukunft II,Back to the Future Part II,1989,108,Komödie | Sci-Fi,USA,Robert Zemeckis,Michael J. Fox | Christopher Llyod | Lea Thompson,7.8,63.000,86.000,https://www.justwatch.com/de/Film/Zurueck-in-die-Zukunft-II,
430,524,Papa ist auf Dienstreise,Otac na službenom putu,1985,136,Drama | Drama,SFJR,Emir Kusturica,Moreno d'e Bartolli | Miki Manojlović | Mirjana Karanović,7.7,100.000,91.000,https://www.justwatch.com/de/Film/Papa-ist-auf-Dienstreise,
1223,525,The Man from Nowhere,아저씨 / Ajeossi,2010,119,Action | Thriller,KOR,Lee Jeong-beom,Won Bin | Kim Sae-ron | Kim Hee-won,7.7,100.000,90.000,https://www.justwatch.com/de/Film/The-Man-from-Nowhere,
1055,526,Panik am roten Fluß,Red River,1948,133,Drama | Western,USA,Howard Hawks,John Wayne | Montgomery Clift | Joanne Dru,7.7,100.000,87.000,https://www.justwatch.com/de/Film/Red-River-1948,
431,527,Zum Beispiel Balthasar,Au hasard Balthazar,1966,95,Drama | Thriller,FRA | SWE,Robert Bresson,Anne Wiazemsky | Walter Green | François Lafarge,7.7,100.000,85.000,https://www.justwatch.com/de/Film/Zum-Beispiel-Balthazar,
1240,528,Faustrecht der Prärie,My Darling Clementine,1946,97,Drama | Western,USA,John Ford,Henry Fonda | Victor Mature | Linda Darnell,7.7,100.000,85.000,https://www.justwatch.com/de/Film/My-Darling-Clementine,
432,529,James Bond 007 - Goldfinger,,1964,109,Abenteuer | Action,UK | USA,Guy Hamilton,Sean Connery | Gert Fröbe | Honor Blackman,7.7,99.000,89.000,https://www.justwatch.com/de/Film/James-Bond-007-Goldfinger,
1148,530,Mission: Impossible - Fallout,,2018,147,Action | Thriller,USA,Christopher McQuarrie,Tom Cruise | Henry Cavill | Rebecca Ferguson,7.7,98.000,89.000,https://www.justwatch.com/de/Film/Mission-Impossible-Fallout,
433,531,Sinn und Sinnlichkeit,Sense and Sensibility,1995,135,Drama | Romanze,UK | USA,Ang Lee,Emma Thompson | Kate Winslet | Hugh Grant,7.7,97.000,90.000,https://www.justwatch.com/de/Film/Sinn-und-Sinnlichkeit,
1147,532,Badlands – Zerschossene Träume,Badlands,1973,95,Drama | Krimi,USA,Terrence Malick,Martin Sheen | Sissy Spacek | Warren Oates,7.7,97.000,90.000,https://www.justwatch.com/de/Film/Badlands-Zerschossene-Traeume,
434,533,Die unglaubliche Reise in einem verrückten Flugzeug,Airplane!,1980,88,Komödie | Parodie,USA,"Jim Abrahams, David Zucker, Jerry Zucker",Robert Hays | Julie Hagerty | Leslie Nielsen,7.7,97.000,89.000,https://www.justwatch.com/de/Film/Die-unglaubliche-Reise-in-einem-verrueckten-Flugzeug,
435,534,Halloween – Die Nacht des Grauens,Halloween,1978,101,Horror | Thriller,USA,John Carpenter,Jamie Lee Curtis | Donald Pleasence | Nick Castle,7.7,97.000,89.000,https://www.justwatch.com/de/Film/Halloween-Die-Nacht-des-Grauens,
436,535,French Connection - Brennpunkt Brooklyn,French Connection,1971,104,Action | Krimi,USA,William Friedkin,Gene Hackman | Roy Scheider | Fernando Rey,7.7,97.000,87.000,https://www.justwatch.com/de/Film/French-Connection-Brennpunkt-Brooklyn,
437,536,Blood & Sinners,Sinners,2025,138,Horror | Thriller,USA,Ryan Coogler,Michael B. Jordan | Hailee Steinfeld | Miles Caton,7.7,96.000,96.000,https://www.justwatch.com/de/Film/sinners-2025,
438,537,Hana-bi - Feuerblume,花火 / Hana-bi,1997,103,Drama | Krimi,JAP,Takeshi Kitano,Takeshi Kitano | Kayoko Kishimoto | Ren Ōsugi,7.7,96.000,92.000,https://www.justwatch.com/de/Film/Hana-bi-Feuerblume,
439,538,"Warte, bis es dunkel ist",Wait Until Dark,1967,107,Krimi | Thriller,USA,Terence Young,Audrey Hepburn | Alan Arkin | Richard Crenna,7.7,96.000,91.000,https://www.justwatch.com/de/Film/Warte-bis-es-dunkel-ist,
440,539,Argo,,2012,120,Action | Thriller,USA,Ben Affleck,Ben Affleck | Bryan Cranston | John Goodman,7.7,96.000,90.000,https://www.justwatch.com/de/Film/Argo-2012,
1265,540,Der Teufel mit der weißen Weste,Le Doulos,1962,108,Krimi | Thriller,FRA,Jean-Pierre Melville,Jean-Paul Belmondo | Serge Reggiani | Michel Piccoli,7.7,96.000,90.000,https://www.justwatch.com/de/Film/Der-Teufel-mit-der-weissen-Weste,
441,541,Mother,마더 / Madeo,2009,128,Krimi | Thriller,KOR,Bong Joon-Ho,Kim Hye-ja | Won Bin | Jin Goo,7.7,96.000,89.000,https://www.justwatch.com/de/Film/Mother-2009,
442,542,Der Geist des Bienenstocks,El espíritu de la colmena,1973,98,Drama | Fantasy,ESP,Víctor Erice,Ana Torrent | Isabel Tellería | Fernando Fernán Gómez,7.7,96.000,89.000,https://www.justwatch.com/de/Film/der-geist-des-bienenstocks,
443,543,Spurlos verschwunden,Spoorloos,1988,103,Mystery | Thriller,FRA | NED,George Sluizer,Gene Bervoets | Bernard-Pierre Donnadieu | Johanna ter Steege,7.7,96.000,88.000,https://www.justwatch.com/de/Film/Spoorloos,
444,544,Asche und Diamant,Popiół i diament,1958,105,Drama | Krieg,POL,Andrzej Wajda,Zbigniew Cybulski | Ewa Krzyżewska | Wacław Zastrzeżyński,7.7,96.000,87.000,https://www.justwatch.com/de/Film/Asche-und-Diamant,
445,545,Der schlimmste Mensch der Welt,Verdens verste menneske,2021,128,Drama | Komödie,DEN | FRA | NOR | SWE,Joachim Trier,Renate Reinsve | Anders Danielsen Lie | Herbert Nordrum,7.7,96.000,86.000,https://www.justwatch.com/de/Film/Verdens-verste-menneske,
446,546,Falsches Spiel mit Roger Rabbit,Who Framed Roger Rabbit,1988,104,Fantasy | Komödie,USA,Robert Zemeckis,Bob Hoskins | Christopher Llyod | Joanna Cassidy,7.7,96.000,85.000,https://www.justwatch.com/de/Film/Falsches-Spiel-mit-Roger-Rabbit,
447,547,Gravity,,2013,91,Sci-Fi | Thriller,UK | USA,Alfonso Cuarón,Sandra Bullock | George Clooney | Ed Harris,7.7,96.000,79.000,https://www.justwatch.com/de/Film/Gravity-3D,
448,548,The Banshees of Inisherin,,2022,114,Drama | Komödie,UK | USA,Martin McDonagh,Colin Farrell | Brendan Gleeson | Kerry Condon,7.7,96.000,75.000,https://www.justwatch.com/de/Film/The-Banshees-of-Inisherin,
1095,549,Sentimental Value,Affeksjonsverdi,2025,133,Drama | Komödie,DEN | FRA | GER | NOR | SWE,Joachim Trier,Renate Reinsve | Stellan Skarsgård | Inga Ibsdotter Lilleaas,7.7,95.000,94.000,https://www.justwatch.com/de/Film/sentimental-value,
449,550,The Killer,喋血雙雄 / Dip hyut sheung hung,1989,110,Action | Krimi,HKG,John Woo,Chow Yun-fat | Danny Lee | Sally Yeh,7.7,95.000,92.000,https://www.justwatch.com/de/Film/the-killer-1989,
1270,551,Stroszek,,1977,105,Drama | Komödie,GER,Werner Herzog,Bruno Schleinstein | Eva Mattes | Clemens Scheitz,7.7,95.000,92.000,https://www.justwatch.com/de/Film/Stroszek,
450,552,Außer Atem,À bout de souffle,1960,90,Drama | Krimi,FRA,Jean-Luc Godard,Jean-Paul Belmondo | Jean Seberg | Daniel Boulanger,7.7,95.000,90.000,https://www.justwatch.com/de/Film/Ausser-Atem,
451,553,Schloß des Schreckens,The Innocents,1961,100,Horror | Thriller,UK,Jack Clayton,Deborah Kerr | Martin Stephens | Pamela Franklin,7.7,95.000,86.000,https://www.justwatch.com/de/Film/Schloss-des-Schreckens,
452,554,Lost in Translation - Zwischen den Welten,Lost in Translation,2003,101,Komödie | Romanze,JAP | USA,Sofia Coppola,Bill Murray | Scarlett Johansson | Giovanni Ribisi,7.7,95.000,85.000,https://www.justwatch.com/de/Film/Lost-in-Translation,
453,555,In der Glut des Südens,Days of Heaven,1978,95,Drama | Romanze,USA,Terrence Malick,Richard Gere | Brooke Adams | Sam Shepard,7.7,94.000,89.000,https://www.justwatch.com/de/Film/In-der-Glut-des-Suedens,
454,556,Die mit der Liebe spielen,L’avventura,1960,142,Drama | Mystery,FRA | ITA,Michelangelo Antonioni,Gabriele Ferzetti | Monica Vitti | Lea Massari,7.7,94.000,88.000,https://www.justwatch.com/de/Film/Die-mit-der-Liebe-spielen,
455,557,Being John Malkovich,,1999,113,Fantasy | Komödie,USA,Spike Jonze,John Cusack | Cameron Diaz | Catherine Keener,7.7,94.000,87.000,https://www.justwatch.com/de/Film/Being-John-Malkovich,
1087,558,Apollo 13,,1995,140,Abenteuer | Drama,USA,Ron Howard,Tom Hanks | Bill Paxton | Kevin Bacon,7.7,94.000,87.000,https://www.justwatch.com/de/Film/Apollo-13,
456,559,Vermisst,Missing,1982,122,Drama | Thriller,USA,Costa-Gavras,Jack Lemmon | Sissy Spacek | John Shea,7.7,94.000,85.000,https://www.justwatch.com/de/Film/Vermisst,
1002,560,One Battle After Another,,2025,162,Action | Thriller,USA,Paul Thomas Anderson,Leonardo DiCaprio | Sean Penn | Benicio del Toro,7.7,94.000,85.000,https://www.justwatch.com/de/Film/the-battle-of-baktan-cross,
457,561,Miller’s Crossing,,1990,115,Krimi | Thriller,USA,"Joel Coen, Ethan Coen",Gabriel Byrne | Marcia Gay Harden | John Turturro,7.7,93.000,90.000,https://www.justwatch.com/de/Film/Millers-Crossing,
458,562,Der Rausch,Druk,2020,117,Drama | Komödie,DEN | NED | SWE,Thomas Vinterberg,Mads Mikkelsen | Thomas Bo Larsen | Magnus Millang,7.7,93.000,90.000,https://www.justwatch.com/de/Film/Der-Rausch,
459,563,Die Ehe der Maria Braun,,1979,115,Drama | Romanze,GER,Rainer Werner Fassbinder,Hanna Schygulla | Klaus Löwitsch | Ivan Desny,7.7,93.000,90.000,https://www.justwatch.com/de/Film/Die-Ehe-der-Maria-Braun,
460,564,Der Dialog,The Conversation,1974,113,Mystery | Thriller,USA,Francis Ford Coppola,Gene Hackman | John Cazale | Allen Garfield,7.7,93.000,89.000,https://www.justwatch.com/de/Film/Der-Dialog,
461,565,Serpico,,1973,130,Krimi | Thriller,USA,Sidney Lumet,Al Pacino | John Randolph | Jack Kehoe,7.7,93.000,88.000,https://www.justwatch.com/de/Film/Serpico,
462,566,Killers of the Flower Moon,,2023,206,Drama | Krimi,USA,Martin Scorsese,Leonardo DiCaprio | Robert de Niro | Lily Gladstone,7.7,93.000,84.000,https://www.justwatch.com/de/Film/Killers-of-the-Flower-Moon,
1292,567,Marty Supreme,,2025,150,Drama | Komödie,USA,Josh Safdie,Timothée Chalamet | Gwyneth Paltrow | Odessa A’zion,7.7,93.000,82.000,https://www.justwatch.com/de/Film/marty-supreme,
1239,568,So grün war mein Tal,How Green Was My Valley,1941,118,Drama | Drama,USA,John Ford,Walter Pidgeon | Maureen O'Hara | Roddy McDowall,7.7,93.000,81.000,https://www.justwatch.com/de/Film/So-gruen-war-mein-Tal,
463,569,Hard Boiled,辣手神探 / Lat sau san taam,1992,128,Action | Thriller,HKG,John Woo,Chow Yun-Fat | Tony Leung Chiu-wai | Teresa Mo,7.7,92.000,92.000,https://www.justwatch.com/de/Film/Hard-Boiled,
1057,570,Ex Machina,,2014,108,Sci-Fi | Thriller,UK | USA,Alex Garland,Domhnall Gleeson | Alicia Vikander | Oscar Isaac,7.7,92.000,86.000,https://www.justwatch.com/de/Film/Ex-Machina,
1157,571,Silver Linings,Silver Linings Playbook,2012,122,Drama | Komödie,USA,David O. Russell,Bradley Cooper | Jennifer Lawrence | Robert de Niro,7.7,92.000,86.000,https://www.justwatch.com/de/Film/Silver-Linings,
464,572,Sicario,,2015,121,Action | Thriller,USA,Denis Villeneuve,Emily Blunt | Benicio del Toro | Josh Brolin,7.7,92.000,85.000,https://www.justwatch.com/de/Film/Sicario,
465,573,"Good Bye, Lenin!",,2003,121,Drama | Komödie,GER,Wolfgang Becker,Daniel Brühl | Katrin Sass | Chulpan Khamatova,7.7,91.000,93.000,https://www.justwatch.com/de/Film/79-qm-DDR,
466,574,Beasts of No Nation,,2015,137,Drama | Krieg,USA,Cary Joji Fukunaga,Idris Elba | Abraham Attah | Ama K. Abebrese,7.7,91.000,92.000,https://www.justwatch.com/de/Film/Beasts-of-No-Nation,
467,575,Die Marx Brothers im Krieg,Duck Soup,1933,68,Komödie | Musical,USA,Leo McCarey,Groucho Marx | Harpo Marx | Chico Marx,7.7,91.000,91.000,https://www.justwatch.com/de/Film/Die-Marx-Brothers-im-Krieg,
468,576,Jeder für sich und Gott gegen alle,,1974,110,Biografie | Drama,GER,Werner Herzog,Bruno Schleinstein | Walter Ladengast | Brigitte Mira,7.7,91.000,90.000,https://www.justwatch.com/de/Film/Kaspar-Hauser-Jeder-fuer-sich-und-Gott-gegen-alle,
469,577,Blue Velvet,,1986,120,Mystery | Thriller,USA,David Lynch,Kyle MacLachlan | Isabella Rossellini | Dennis Hopper,7.7,91.000,88.000,https://www.justwatch.com/de/Film/Blue-Velvet-Verbotene-Blicke,
470,578,Bonnie und Clyde,Bonnie and Clyde,1967,107,Drama | Krimi,USA,Arthur Penn,Warren Beatty | Faye Dunaway | Michael J. Pollard,7.7,91.000,88.000,https://www.justwatch.com/de/Film/Bonnie-und-Clyde,
471,579,Birdman oder (Die unverhoffte Macht der Ahnungslosigkeit),Birdman or (The Unexpected Virtue of Ignorance),2014,120,Drama | Komödie,USA,Alejandro G. Iñárritu,Michael Keaton | Edward Norton | Emma Stone,7.7,91.000,78.000,https://www.justwatch.com/de/Film/Birdman-oder-Die-unverhoffte-Macht-der-Ahnungslosigkeit,
1187,580,The Return of the First Avenger,Captain America: The Winter Soldier,2014,136,Action | Sci-Fi,USA,"Anthony Russo, Joe Russo",Chris Evans | Scarlett Johansson | Sebastian Stan,7.7,90.000,92.000,https://www.justwatch.com/de/Film/The-Return-of-the-First-Avenger,
472,581,Gilbert Grape – Irgendwo in Iowa,What's Eating Gilbert Grape,1993,118,Drama | Komödie,USA,Lasse Hallström,Johnny Depp | Leonardo DiCaprio | Juliette Lewis,7.7,90.000,89.000,https://www.justwatch.com/de/Film/Gilbert-Grape-Irgendwo-in-Iowa,
473,582,Clerks – Die Ladenhüter,Clerks,1994,90,Komödie | Satire,USA,Kevin Smith,Brian O'Halloran | Jeff Anderson | Marilyn Ghigliotti,7.7,90.000,89.000,https://www.justwatch.com/de/Film/Clerks-Die-Ladenhueter,
1283,583,Kung Fu Hustle,功夫 / Gōngfu,2004,99,Action | Komödie,CHN | HKG,Stephen Chow,Stephen Chow | Yuen Wah | Yuen Qiu,7.7,90.000,89.000,https://www.justwatch.com/de/Film/Kung-Fu-Hustle,
474,584,Y tu mamá también – Lust for Life,Y tu mamá también,2001,105,Komödie | Romanze,MEX,Alfonso Cuarón,Gael García Bernal | Diego Luna | Maribel Verdú,7.7,90.000,88.000,https://www.justwatch.com/de/Film/Y-Tu-Mama-Tambien-Lust-for-Life,
1212,585,Eine ganz normale Familie,Ordinary People,1980,124,Drama | Drama,USA,Robert Redford,Donald Sutherland | Mary Tyler Moore | Timothy Hutton,7.7,90.000,88.000,https://www.justwatch.com/de/Film/Eine-ganz-normale-Familie,
475,586,Adaption – Der Orchideen-Dieb,Adaptation.,2002,110,Drama | Komödie,USA,Spike Jonze,Nicolas Cage | Meryl Streep | Chris Cooper,7.7,90.000,85.000,https://www.justwatch.com/de/Film/Adaption,
476,587,Zodiac – Die Spur des Killers,Zodiac,2007,157,Krimi | Thriller,USA,David Fincher,Jake Gyllenhaal | Robert Downey Jr. | Mark Ruffalo,7.7,90.000,77.000,https://www.justwatch.com/de/Film/Zodiac-Die-Spur-des-Killers,
477,588,Der wilde wilde Westen,Blazing Saddles,1974,89,Komödie | Western,USA,Mel Brooks,Cleavon Little | Gene Wilder | Harvey Korman,7.7,89.000,91.000,https://www.justwatch.com/de/Film/Der-Wilde-Wilde-Westen,
478,589,Dirty Harry,,1971,102,Krimi | Thriller,USA,Don Siegel,Clint Eastwood | Andrew Robinson | Reni Santoni,7.7,89.000,90.000,https://www.justwatch.com/de/Film/Dirty-Harry,
1054,590,Die glorreichen Sieben,The Magnificent Seven,1960,128,Action | Western,USA,John Sturges,Yul Brynner | Steve McQueen | Charles Bronson,7.7,89.000,87.000,https://www.justwatch.com/de/Film/Die-glorreichen-Sieben,
479,591,Donnie Brasco,,1997,147,Drama | Krimi,USA,Mike Newell,Johnny Depp | Al Pacino | Mads Mikkelsen,7.7,88.000,89.000,https://www.justwatch.com/de/Film/Donnie-Brasco,
480,592,Joint Security Area,공동경비구역 JSA / Gongdong gyeongbi guyeok JSA,2000,110,Mystery | Thriller,KOR,Park Chan-wook,Lee Young-ae | Lee Byung-hun | Song Kang-ho,7.7,88.000,89.000,https://www.justwatch.com/de/Film/Joint-Security-Area,
481,593,Tanz der Teufel II – Jetzt wird noch mehr getanzt,Evil Dead II,1987,85,Horror | Komödie,USA,Sam Raimi,Bruce Campbell | Sarah Berry | Dan Hicks,7.7,88.000,89.000,https://www.justwatch.com/de/Film/Tanz-der-Teufel-II-Jetzt-wird-noch-mehr-getanzt,
482,594,Der letzte Mohikaner,The Last of the Mohicans,1992,114,Abenteuer | Drama,USA,Michael Mann,Daniel Day-Lewis | Madeleine Stowe | Russell Means,7.7,88.000,88.000,https://www.justwatch.com/de/Film/Der-letzte-Mohikaner,
483,595,The Verdict – Die Wahrheit und nichts als die Wahrheit,The Verdict,1982,129,Drama | Thriller,USA,Sidney Lumet,Paul Newman | Charlotte Rampling | James Mason,7.7,88.000,88.000,https://www.justwatch.com/de/Film/The-Verdict-Die-Wahrheit-und-nichts-als-die-Wahrheit,
484,596,Blau ist eine warme Farbe,La vie d’Adèle – Chapitres 1 & 2,2013,179,Drama | Romanze,BEL | ESP. FRA,Abdellatif Kechiche,Adèle Exarchopoulos | Léa Seydoux | Salim Kechiouche,7.7,88.000,84.000,https://www.justwatch.com/de/Film/Blau-ist-eine-warme-Farbe,
485,597,Brokeback Mountain,,2005,134,Drama | Romanze,USA,Ang Lee,Heath Ledger | Jake Gyllenhaal | Michelle Williams,7.7,88.000,82.000,https://www.justwatch.com/de/Film/Brokeback-Mountain,
486,598,Star Trek II: Der Zorn des Khan,Star Trek II: The Wrath of Khan,1982,113,Action | Sci-Fi,USA,Nicholas Meyer,William Shatner | Leonard Nimoy | Ricardo Montalbán,7.7,87.000,90.000,https://www.justwatch.com/de/Film/Star-Trek-2-Der-Zorn-des-Khan,
487,599,Wind River,,2017,107,Krimi | Thriller,CAN | UK | USA,Taylor Sheridan,Jeremy Renner | Elizabeth Olsen | Kelsey Asbille,7.7,87.000,90.000,https://www.justwatch.com/de/Film/Wind-River,
488,600,Virtual Nightmare – Open Your Eyes,Abre los ojos,1997,114,Mystery | Thriller,ESP | FRA | ITA,Alejandro Amenábar,Eduardo Noriega | Penélope Cruz | Najwa Nimri,7.7,87.000,88.000,https://www.justwatch.com/de/Film/Oeffne-die-Augen,
1008,601,Paprika,パプリカ / Papurika,2006,90,Sci-Fi | Thriller,JAP,Satoshi Kon,,7.7,87.000,88.000,https://www.justwatch.com/de/Film/Paprika,
489,602,Der letzte Kaiser,The Last Emperor,1987,145,Biografie | Drama,FRA | ITA | UK,Bernardo Bertolucci,John Lone | Joan Chen | Peter O'Toole,7.7,86.000,88.000,https://www.justwatch.com/de/Film/Der-Letzte-Kaiser,
490,603,Rambo,First Blood,1982,93,Action | Thriller,USA,Ted Kotcheff,Sylvester Stallone | Richard Crenna | Brian Dennehy,7.7,86.000,86.000,https://www.justwatch.com/de/Film/Rambo,
491,604,Besser geht’s nicht,As Good as It Gets,1997,133,Komödie | Romanze,USA,James L. Brooks,Jack Nicholson | Helen Hunt | Greg Kinnear,7.7,86.000,86.000,https://www.justwatch.com/de/Film/Besser-gehts-nicht,
492,605,Happy Together,春光乍洩 / Ceon Gwong Zaa Sit,1997,96,Drama | Romanze,HKG,Wong Kar-Wai,Leslie Cheung | Tony Leung Chiu-wai | Chang Chen,7.7,84.000,91.000,https://www.justwatch.com/de/Film/Happy-Together-1997,
493,606,Eine Frage der Ehre,A Few Good Men,1992,138,Drama | Thriller,USA,Rob Reiner,Tom Cruise | Jack Nicholson | Demi Moore,7.7,84.000,89.000,https://www.justwatch.com/de/Film/Eine-Frage-der-Ehre,
494,607,"Pelle, der Eroberer",Pelle Erobreren,1987,157,Coming-of-Age | Drama,DEN | SWE,Bille August,Pelle Hvenegaard | Max von Sydow | Erik Paaske,7.7,84.000,89.000,https://www.justwatch.com/de/Film/Pelle-der-Eroberer,
1090,608,Happiness,,1998,139,Drama | Komödie,USA,Todd Solondz,Jane Adams | Dylan Baker | Philip Seymour Hoffman,7.7,84.000,89.000,https://www.justwatch.com/de/Film/Happiness,
495,609,Der Geschmack der Kirsche,Ta'm-e gīlās,1997,99,Drama | Komödie,IRN,Abbas Kiarostami,Homayoun Ershadi | Abdolrahman Bagheri | Afshin Khorshid Bakhtiari,7.7,83.000,83.000,https://www.justwatch.com/de/Film/Der-Geschmack-der-Kirsche,
496,610,Ocean’s Eleven,,2001,127,Krimi | Thriller,USA,Steven Soderbergh,George Clooney | Brad Pitt | Matt Damon,7.7,83.000,80.000,https://www.justwatch.com/de/Film/Oceans-Eleven,
497,611,Die Bourne Verschwörung,The Bourne Supremacy,2004,108,Action | Thriller,GER | USA,Paul Greengrass,Matt Damon | Franka Potente | Joan Allen,7.7,82.000,90.000,https://www.justwatch.com/de/Film/Die-Bourne-Verschwoerung,
498,612,Road to Perdition,,2002,117,Drama | Krimi,USA,Sam Mendes,Tom Hanks | Paul Newman | Tyler Hoechlin,7.7,82.000,86.000,https://www.justwatch.com/de/Film/Road-to-Perdition,
499,613,Philadelphia,,1993,126,Drama | Rechtsdrama,USA,Jonathan Demme,Tom Hanks | Denzel Washington | Roberta Maxwell,7.7,81.000,89.000,https://www.justwatch.com/de/Film/Philadelphia,
500,614,Die besten Absichten,Den goda viljan,1992,181,Drama | Romanze,DEN | FRA | GER | ITA | SWE | UK,Ingmar Bergman,Samuel Fröler | Pernilla August | Max von Sydow,7.7,81.000,87.000,https://www.justwatch.com/de/Film/die-besten-absichten,
1068,615,Ich und Earl und das Mädchen,Me and Earl and the Dying Girl,2015,105,Drama | Komödie,USA,Alfonso Gomez-Rejon,Thomas Mann | RJ Cyler | Olivia Cooke,7.7,81.000,86.000,https://www.justwatch.com/de/Film/Ich-und-Earl-und-das-Maedchen,
501,616,Céline und Julie fahren Boot,Céline et Julie vont en bateau,1974,193,Fantasy | Komödie,FRA,Jacques Rivette,Juliet Berto | Dominique Labourier | Bulle Ogier,7.7,80.000,87.000,https://www.justwatch.com/de/Film/Celine-und-Julie-fahren-Boot,
502,617,"O Brother, Where Art Thou? – Eine Mississippi-Odyssee","O Brother, Where Art Thou?",2000,106,Drama | Komödie,FRA | UK | USA,"Joel Coen, Ethan Coen",George Clooney | John Turturro | Tim Blake Nelson,7.7,79.000,89.000,https://www.justwatch.com/de/Film/O-Brother-Where-Art-Thou-Eine-Mississippi-Odyssee,
1158,618,Hangover,The Hangover,2009,100,Abenteuer | Komödie,GER | USA,Todd Phillips,Bradley Cooper | Ed Helms | Zach Galifianakis,7.7,79.000,84.000,https://www.justwatch.com/de/Film/Hangover,
503,619,Das Reich der Sonne,Empire of the Sun,1987,146,Drama | Krieg,USA,Steven Spielberg,Christian Bale | John Malkovich | Miranda Richardson,7.7,77.000,90.000,https://www.justwatch.com/de/Film/Das-Reich-der-Sonne,
504,620,Zwielicht,Primal Fear,1996,130,Krimi | Thriller,USA,Gregory Hoblit,Richard Gere | Edward Norton | Laura Linney,7.7,77.000,89.000,https://www.justwatch.com/de/Film/Zwielicht,
1155,621,Black Hawk Down,,2001,144,Action | Krieg,UK | USA,Ridley Scott,Josh Hartnett | Ewan McGregor | Tom Sizemore,7.7,77.000,88.000,https://www.justwatch.com/de/Film/Black-Hawk-Down,
505,622,The Game – Das Geschenk seines Lebens,The Game,1997,129,Mystery | Thriller,USA,David Fincher,Michael Douglas | Sean Penn | Deborah Kara Unger,7.7,77.000,84.000,https://www.justwatch.com/de/Film/The-Game-Das-Geschenk-seines-Lebens,
1177,623,Harry Potter und die Heiligtümer des Todes - Teil 1,Harry Potter and the Deathly Hallows – Part 1,2010,146,Abenteuer | Fantasy,UK | USA,David Yates,Daniel Radcliffe | Rupert Grint | Emma Watson,7.7,76.000,85.000,https://www.justwatch.com/de/Film/Harry-Potter-und-die-Heiligtuemer-des-Todes-Teil-1,
1094,624,L.A. Crash,Crash,2004,112,Drama | Thriller,GER | USA,Paul Haggis,Don Cheadle | Sandra Bullock | Matt Dillon,7.7,73.000,88.000,https://www.justwatch.com/de/Film/L-A-Crash,
506,625,Das Experiment,,2001,120,Drama | Thriller,GER,Oliver Hirschbiegel,Moritz Bleibtreu | Christian Berkel | Oliver Stokowski,7.7,72.000,88.000,https://www.justwatch.com/de/Film/Das-Experiment,
507,626,Der Name der Rose,The Name of the Rose,1986,131,Krimi | Thriller,FRA | GER | ITA,Jean-Jacques Annaud,Sean Connery | Christian Slater | F. Murray Abraham,7.7,72.000,85.000,https://www.justwatch.com/de/Film/Der-Name-der-Rose,
508,627,Adams Äpfel,Adams Æbler,2005,94,Komödie | Krimi,DEN,Anders Thomas Jensen,Ulrich Thomsen | Mads Mikkelsen | Nicolas Bro,7.7,70.000,90.000,https://www.justwatch.com/de/Film/Adams-Aepfel,
509,628,Kikujiros Sommer,菊次郎の夏 / Kikujirō no Natsu,1999,122,Drama | Komödie,JAP,Takeshi Kitano,Takeshi Kitano | Yusuke Sekiguchi | Kayoko Kishimoto,7.7,61.000,92.000,https://www.justwatch.com/de/Film/Kikujiro-no-natsu,
1300,629,96 Hours,Taken,2008,91,Action | Thriller,FRA,Pierre Morel,Liam Neeson | Maggie Grace | Famke Janssen,7.7,60.000,85.000,https://www.justwatch.com/de/Film/96-Hours,
510,630,Lucky # Slevin,Lucky Number Slevin,2006,110,Krimi | Komödie,CAN | GER | UK | USA,Paul McGuigan,Josh Hartnett | Bruce Willis | Morgan Freeman,7.7,52.000,87.000,https://www.justwatch.com/de/Film/Lucky-Slevin,
511,631,Der siebente Kontinent,,1989,104,Drama | Thriller,AUT,Michael Haneke,Dieter Berner | Birgit Doll | Leni Tanzer,7.6,,74.000,https://www.justwatch.com/de/Film/Der-siebente-Kontinent,
512,632,Im Lauf der Zeit,,1976,168,Drama | Roadmovie,GER,Wim Wenders,Rüdiger Vogler | Hanns Zischler | Lisa Kreuzer,7.6,100.000,87.000,https://www.justwatch.com/de/Film/Im-Lauf-der-Zeit,
1248,633,Paisà,,1946,125,Drama | Krieg,ITA,Roberto Rossellini,Carmela Sazio | Gar Moore | Harriet Medin,7.6,100.000,86.000,https://www.justwatch.com/de/Film/Paisa,
513,634,One Cut of the Dead,カメラを止めるな! / Kamera o Tomeru na!,2017,96,Horror | Komödie,JAP,Shin'ichirô Ueda,Takayuki Hamatsu | Yuzuki Akiyama | Harumi Shuhama,7.6,100.000,85.000,https://www.justwatch.com/de/Film/One-Cut-of-the-Dead,
1267,635,Vogelfrei,Sans toit ni loi,1985,105,Drama | Drama,FRA,Agnès Varda,Sandrine Bonnaire | Macha Méril | Stéphane Freiss,7.6,100.000,85.000,https://www.justwatch.com/de/Film/Vogelfrei,
514,636,Nameless Gangster: Rules of the Time,범죄와의 전쟁: 나쁜놈들 전성시대 / Beomjoewa-ui Jeonjaeng: Nappeunnomdeul Jeonseong Sidae,2012,134,Drama | Krimi,KOR,Yoon Jong-bin,Choi Min-sik | Ha Jung-woo | Jo Jin-woong,7.6,100.000,75.000,https://www.justwatch.com/de/Film/Nameless-Gangster-Rules-of-the-Time,
515,637,Der Mann ohne Vergangenheit,Mies vailla menneisyyttä,2002,97,Drama | Komödie,FIN | FRA | GER,Aki Kaurismäki,Markku Peltola | Kati Outinen | Juhani Niemelä,7.6,98.000,90.000,https://www.justwatch.com/de/Film/Der-Mann-ohne-Vergangenheit,
1171,638,Sing Sing,,2023,107,Drama | Drama,USA,Greg Kwedar,Colman Domingo | Clarence Maclin | Paul Raci,7.6,97.000,98.000,https://www.justwatch.com/de/Film/sing-sing-2024,
516,639,Die Saat des heiligen Feigenbaums,Dāne-ye anjīr-e ma'ābed / دانه‌ی انجیر معابد,2024,168,Drama | Thriller,FRA | GER | IRN,Mohammad Rasoulof,Missagh Zareh | Soheila Golestani | Mahsa Rostami,7.6,97.000,94.000,https://www.justwatch.com/de/Film/the-seed-of-the-sacred-fig,
1263,640,Drei Uhr nachts,Bob le flambeur,1956,102,Drama | Krimi,FRA,Jean-Pierre Melville,Roger Duchesne | Isabelle Corey | Daniel Cauchy,7.6,97.000,90.000,https://www.justwatch.com/de/Film/Drei-Uhr-nachts,
517,641,Ein seltsames Paar,The Odd Couple,1968,101,Komödie | Satire,USA,Gene Saks,Jack Lemmon | Walter Matthau | John Fiedler,7.6,97.000,89.000,https://www.justwatch.com/de/Film/Ein-seltsames-Paar,
518,642,Zelig,,1983,79,Komödie | Mockumentary,USA,Woody Allen,Woody Allen | Mia Farrow | Patrick Horgan,7.6,97.000,88.000,,
1028,643,Hell Or High Water,,2016,102,Krimi | Western,USA,David Mackenzie,Chris Pine | Ben Foster | Jeff Bridges,7.6,97.000,88.000,https://www.justwatch.com/de/Film/Hell-or-High-Water,
1167,644,Augen ohne Gesicht,Les Yeux sans visage,1960,90,Drama | Horror,FRA | ITA,Georges Franju,Pierre Brasseur | Alida Valli | Édith Scob,7.6,97.000,87.000,https://www.justwatch.com/de/Film/Augen-ohne-Gesicht,
1169,645,Leviathan,Левиафан / Leviafan,2014,140,Drama | Krimi,RUS,Andrey Zvyagintsev,Aleksei Serebryakov | Elena Lyadova | Vladimir Vdovichenkov,7.6,97.000,80.000,https://www.justwatch.com/de/Film/Leviathan-2014,
1129,646,Mission: Impossible - Dead Reckoning Part One,,2023,163,Action | Thriller,USA,Christopher McQuarrie,Tom Cruise | Hayley Atwell | Ving Rhames,7.6,96.000,94.000,https://www.justwatch.com/de/Film/mission-impossible-dead-reckoning-teil-eins,
519,647,Anatomie eines Falls,Anatomie d’une chute,2023,150,Drama | Krimi,FRA,Justine Triet,Sandra Hüller | Milo Machado-Graner | Swann Arlaud,7.6,96.000,91.000,https://www.justwatch.com/de/Film/anatomie-dune-chute,
1125,648,All of Us Strangers,,2023,105,Drama | Romanze,UK,Andrew Haigh,Andrew Scott | Paul Mescal | Jamie Bell,7.6,96.000,91.000,https://www.justwatch.com/de/Film/all-of-us-strangers,
1123,649,5 Zimmer Küche Sarg,What We Do in the Shadows,2014,85,Horror | Komödie,NZL,"Jemaine Clement, Taika Waitit",Taika Waititi | Jemaine Clement | Jonathan Brugh,7.6,96.000,87.000,https://www.justwatch.com/de/Film/5-Zimmer-Kueche-Sarg,
520,650,Ekel,Repulsion,1965,104,Drama | Horror,UK,Roman Polanski,Catherine Deneuve | Ian Hendry | John Fraser,7.6,96.000,86.000,https://www.justwatch.com/de/Film/Repulsion,
1237,651,Falstaff – Glocken um Mitternacht,Campanadas a medianoche,1965,115,Drama | Komödie,ESP | SUI,Orson Welles,Orson Welles | Keith Baxter | John Gielgud,7.6,96.000,85.000,https://www.justwatch.com/de/Film/Falstaff,
521,652,Die Vögel,The Birds,1963,119,Horror | Thriller,USA,Alfred Hitchcock,Tippi Hedren | Rod Taylor | Jessica Tandy,7.6,96.000,83.000,https://www.justwatch.com/de/Film/Die-Voegel,
522,653,The Florida Project,,2017,111,Drama | Komödie,USA,Sean Baker,Brooklynn Prince | Bria Vinaite | Willem Dafoe,7.6,96.000,81.000,https://www.justwatch.com/de/Film/The-Florida-Project,
523,654,Roma,,2018,135,Drama | Tragödie,MEX | USA,Alfonso Cuarón,Yalitza Aparicio | Marina de Tavira | Jorge Antonio Guerrero,7.6,96.000,72.000,https://www.justwatch.com/de/Film/Roma-2018,
524,655,The Peanut Butter Falcon,,2019,98,Drama | Komödie,USA,"Tyler Nilson, Michael Schwartz",Zack Gottsagen | Shia LaBeouf | Dakota Johnson,7.6,95.000,96.000,https://www.justwatch.com/de/Film/The-Peanut-Butter-Falcon,
525,656,Train To Busan,부산행 / Busanhaeng,2016,118,Action | Horror,KOR,Yeon Sang-ho,Gong Yoo | Jung Yu-mi | Ma Dong-seok,7.6,95.000,89.000,https://www.justwatch.com/de/Film/busanhaeng,
526,657,True Grit,,2010,110,Drama | Western,USA,"Joel Coen, Ethan Coen",Jeff Bridges | Hailee Steinfeld | Matt Damon,7.6,95.000,85.000,https://www.justwatch.com/de/Film/True-Grit-Vergeltung,
1258,658,Belle de Jour – Schöne des Tages,Belle de Jour,1967,100,Drama | Romanze,FRA | ITA,Luis Buñuel,Catherine Deneuve | Jean Sorel | Michel Piccoli,7.6,95.000,85.000,https://www.justwatch.com/de/Film/Belle-de-jour-Schoene-des-Tages,
527,659,Aftersun,,2022,102,Coming-of-Age | Drama,UK | USA,Charlotte Wells,Paul Mescal | Frankie Corio | Celia Rowlson-Hall,7.6,95.000,82.000,https://www.justwatch.com/de/Film/Aftersun,
1232,660,Die Außenseiterbande,Bande à part,1964,95,Drama | Krimi,FRA,Jean-Luc Godard,Anna Karina | Sami Frey | Claude Brasseur,7.6,94.000,91.000,https://www.justwatch.com/de/Film/Die-Aussenseiterbande,
528,661,Confusion – Sommer der Ausgeflippten,Dazed and Confused,1993,98,Coming-of-Age | Komödie,USA,Richard Linklater,Jason London | Wiley Wiggins | Matthew McConaughey,7.6,94.000,90.000,https://www.justwatch.com/de/Film/Dazed-and-Confused-Sommer-der-Ausgeflippten,
529,662,Lola rennt,,1998,81,Action | Thriller,GER,Tom Tykwer,Franka Potente | Moritz Bleibtreu | Herbert Knaup,7.6,94.000,90.000,https://www.justwatch.com/de/Film/Lola-Rennt,
1078,663,Station Agent,The Station Agent,2003,90,Drama | Komödie,USA,Tom McCarthy,Peter Dinklage | Patricia Clarkson | Bobby Cannavale,7.6,94.000,89.000,https://www.justwatch.com/de/Film/Station-Agent,
1244,664,Mein Onkel,Mon oncle,1958,118,Drama | Komödie,FRA | ITA,Jacques Tati,Jacques Tati | Jean-Pierre Zola | Adrienne Servantie,7.6,94.000,89.000,https://www.justwatch.com/de/Film/Mein-Onkel,
530,665,Blood Simple – Eine mörderische Nacht,Blood Simple,1984,99,Krimi | Thriller,USA,"Joel Coen, Ethan Coen",John Getz | Frances McDormand | Dan Hedaya,7.6,94.000,88.000,https://www.justwatch.com/de/Film/Blood-Simple-Eine-moerderische-Nacht,
531,666,Die Kunst zu gewinnen - Moneyball,Moneyball,2011,133,Drama | Sport,USA,Bennett Miller,Brad Pitt | Jonah Hill | Philip Seymour Hoffman,7.6,94.000,86.000,https://www.justwatch.com/de/Film/Die-Kunst-zu-gewinnen-Moneyball,
1006,667,Weapons – Die Stunde des Verschwindens,Weapons,2025,129,Horror | Mystery,USA,Zach Cregger,Julia Garner | Josh Brolin | Alden Ehrenreich,7.6,94.000,85.000,https://www.justwatch.com/de/Film/weapons-die-stunde-des-verschwindens,
1043,668,50/50 - Freunde fürs (Über) leben,50/50,2011,100,Drama | Komödie,USA,Jonathan Levine,Joseph Gordon-Levitt | Seth Rogen | Anna Kendrick,7.6,93.000,88.000,https://www.justwatch.com/de/Film/50-50-Freunde-fuers-Ueber-Leben,
532,669,Mad Max II – Der Vollstrecker,Mad Max 2: The Road Warrior,1981,95,Action | Sci-Fi,AUS,George Miller,Mel Gibson | Bruce Spence | Mike Preston,7.6,93.000,86.000,https://www.justwatch.com/de/Film/Mad-Max-2-Der-Vollstrecker,
533,670,Traffic - Macht des Kartells,Traffic,2000,147,Drama | Krimi,GER | USA,Steven Soderbergh,Michael Douglas | Benicio del Toro | Catherine Zeta-Jones,7.6,93.000,85.000,https://www.justwatch.com/de/Film/Traffic-Die-Macht-des-Kartells,
534,671,Vera Drake,,2004,125,Drama | Krimi,UK,Mike Leigh,Imelda Staunton | Phil Davis | Daniel Mays,7.6,93.000,84.000,https://www.justwatch.com/de/Film/Vera-Drake,
535,672,Die Fliege,The Fly,1986,96,Horror | Sci-Fi,CAN | USA,David Cronenberg,Jeff Goldblum | Geena Davis | John Getz,7.6,93.000,83.000,https://www.justwatch.com/de/Film/Die-Fliege-1986,
536,673,RoboCop,,1987,102,Action | Sci-Fi,USA,Paul Verhoeven,Peter Weller | Nancy Allen | Kurtwood Smith,7.6,92.000,84.000,https://www.justwatch.com/de/Film/RoboCop-1987,
537,674,Volver – Zurückkehren,Volver,2006,121,Drama | Komödie,ESP,Pedro Almodóvar,Penélope Cruz | Carmen Maura | Lola Dueñas,7.6,91.000,89.000,https://www.justwatch.com/de/Film/Volver-Zurueckkehren,
1037,675,Bridge of Spies – Der Unterhändler,Bridge of Spies,2015,141,Drama | Thriller,IND | GER | UK | USA,Steven Spielberg,Tom Hanks | Mark Rylance | Amy Ryan,7.6,91.000,87.000,https://www.justwatch.com/de/Film/Bridge-of-Spies-Der-Unterhaendler,
538,676,Rushmore,,1998,93,Drama | Komödie,USA,Wes Anderson,Jason Schwartzman | Bill Murray | Olivia Williams,7.6,90.000,91.000,https://www.justwatch.com/de/Film/Rushmore,
539,677,Die Zeit nach Mitternacht,After Hours,1985,98,Komödie | Thriller,USA,Martin Scorsese,Griffin Dunne | Rosanna Arquette | Verna Bloom,7.6,90.000,87.000,https://www.justwatch.com/de/Film/Die-Zeit-nach-Mitternacht,
540,678,Unheimliche Begegnung der dritten Art,Close Encounters of the Third Kind,1977,135,Sci-Fi | Thriller,USA,Steven Spielberg,Richard Dreyfuss | Teri Garr | Melinda Dillon,7.6,90.000,85.000,https://www.justwatch.com/de/Film/Unheimliche-Begegnung-der-dritten-Art,
541,679,Beim Sterben ist jeder der Erste,Deliverance,1972,109,Drama | Thriller,USA,John Boorman,Jon Voight | Burt Reynolds | Ned Beatty,7.6,90.000,82.000,https://www.justwatch.com/de/Film/Beim-Sterben-ist-jeder-der-Erste,
1138,680,Vergiftete Wahrheit,Dark Waters,2019,126,Drama | Thriller,USA,Todd Haynes,Mark Ruffalo | Anne Hathaway | Tim Robbins,7.6,89.000,95.000,https://www.justwatch.com/de/Film/Dark-Waters-2019,
1139,681,The Iron Claw,,2023,132,Drama | Sport,UK | USA,Sean Durkin,Zac Efron | Jeremy Allen White | Harris Dickinson,7.6,89.000,94.000,https://www.justwatch.com/de/Film/the-iron-claw,
542,682,Barton Fink,,1991,116,Komödie | Thriller,USA,"Joel Coen, Ethan Coen",John Turturro | John Goodman | Judy Davis,7.6,89.000,89.000,https://www.justwatch.com/de/Film/Barton-Fink,
543,683,Drei Farben: Weiß,Trois couleurs: Blanc,1994,91,Drama | Komödie,FRA | POL,Krzysztof Kieślowski,Zbigniew Zamachowski | Julie Delpy | Janusz Gajos,7.6,89.000,87.000,https://www.justwatch.com/de/Film/Drei-Farben-Weiss,
1056,684,Todeszug nach Yuma,3:10 to Yuma,2007,122,Drama | Western,USA,James Mangold,Christian Bale | Russell Crowe | Ben Foster,7.6,89.000,86.000,https://www.justwatch.com/de/Film/Todeszug-nach-Yuma,
544,685,Duell,Duel,1971,95,Action Thriller,USA,Steven Spielberg,Dennis Weaver | Jacqueline Scott | Eddie Firestone,7.6,89.000,84.000,https://www.justwatch.com/de/Film/Duell,
1085,686,Tödliche Versprechen – Eastern Promises,Eastern Promises,2007,100,Krimi | Thriller,CAN | UK,David Cronenberg,Viggo Mortensen | Naomi Watts | Vincent Cassel,7.6,89.000,83.000,https://www.justwatch.com/de/Film/Toedliche-Versprechen-Eastern-Promises,
545,687,Minority Report,,2002,145,Action | Sci-Fi,USA,Steven Spielberg,Tom Cruise | Colin Farrell | Samantha Morton,7.6,89.000,80.000,https://www.justwatch.com/de/Film/Minority-Report,
546,688,Down by Law,,1986,107,Komödie | Krimi,USA,Jim Jarmusch,Tom Waits | John Lurie | Roberto Benigni,7.6,88.000,93.000,https://www.justwatch.com/de/Film/Down-by-Law-Alles-im-Griff,
547,689,Superbad,,2007,113,Coming-of-Age | Komödie,USA,Greg Mottola,Jonah Hill | Michael Cera | Christopher Mintz-Plasse,7.6,88.000,87.000,https://www.justwatch.com/de/Film/Superbad,
1295,690,Rental Family,,2025,103,Drama | Komödie,JAP | USA,Hikari,Brendan Fraser | Takehiro Hira | Mari Yamamoto,7.6,87.000,96.000,https://www.justwatch.com/de/Film/rental-family,
1075,691,The Raid,Serbuan Maut,2011,101,Action | Thriller,IDN | USA,Gareth Evans,Iko Uwais | Joe Taslim | Yayan Ruhian,7.6,87.000,87.000,https://www.justwatch.com/de/Film/The-Raid-Redemption,
1276,692,Walkabout,,1971,100,Abenteuer | Drama,AUS,Nicolas Roeg,Jenny Agutter | Luc Roeg | David Gulpilil,7.6,86.000,86.000,https://www.justwatch.com/de/Film/Walkabout,
548,693,Gestohlene Kinder,Il ladro di bambini,1992,114,Drama | Krimi,FRA | ITA | SUI,Gianni Amelio,Enrico Lo Verso | Valentina Scalici | Giuseppe Ieracitano,7.6,86.000,85.000,,
549,694,Die Nackte Kanone,The Naked Gun: From the Files of Police Squad!,1988,85,Komödie | Krimi,USA,David Zucker,Leslie Nielsen | Priscilla Presley | George Kennedy,7.6,86.000,84.000,https://www.justwatch.com/de/Film/Die-Nackte-Kanone,
1042,695,(500) Days of Summer,,2009,95,Komödie | Romanze,USA,Marc Webb,Joseph Gordon-Levitt | Zooey Deschanel | Geoffrey Arend,7.6,86.000,84.000,https://www.justwatch.com/de/Film/500-Days-of-Summer,
1215,696,Peppermint Candy,박하사탕 / Bakhasatang,1999,129,Drama | Drama,KOR,Lee Chang-dong,Sol Kyung-gu | Moon So-ri | Kim Yeo-jin,7.6,86.000,83.000,https://www.justwatch.com/de/Film/baghasatang,
550,697,Thelma & Louise,,1991,129,Abenteuer | Drama,USA,Ridley Scott,Susan Sarandon | Geena Davis | Harvey Keitel,7.6,86.000,82.000,https://www.justwatch.com/de/Film/Thelma-und-Louise,
551,698,Once Upon a Time… in Hollywood,,2019,160,Drama | Komödie,UK | USA,Quentin Tarantino,Leonardo DiCaprio | Brad Pitt | Margot Robbie,7.6,86.000,70.000,https://www.justwatch.com/de/Film/Once-Upon-a-Time-in-Hollywood,
1143,699,Just Mercy,,2019,137,Drama | Krimi,USA,Destin Daniel Cretton,Michael B. Jordan | Jamie Foxx | Brie Larson,7.6,85.000,99.000,https://www.justwatch.com/de/Film/Just-Mercy,
552,700,Guardians of the Galaxy Vol. 2,,2017,136,Action | Sci-Fi,USA,James Gunn,Chris Pratt | Zoe Saldaña | Dave Bautista,7.6,85.000,87.000,https://www.justwatch.com/de/Film/Guardians-of-the-Galaxy-Vol-2,
1044,701,Mein Vetter Winnie,My Cousin Vinny,1992,120,Komödie | Krimi,USA,Jonathan Lynn,Joe Pesci | Marisa Tomei | Ralph Macchio,7.6,85.000,87.000,https://www.justwatch.com/de/Film/Mein-Vetter-Winnie,
553,702,Agenten sterben einsam,Where Eagles Dare,1968,158,Action | Krieg,UK | USA,Brian G. Hutton,Richard Burton | Clint Eastwood | Mary Ure,7.6,84.000,89.000,https://www.justwatch.com/de/Film/Agenten-sterben-einsam,
1062,703,Alles Routine,Office Space,1999,89,Komödie | Satire,USA,Mike Judge,Ron Livingston | Jennifer Aniston | David Herman,7.6,82.000,93.000,https://www.justwatch.com/de/Film/Alles-Routine,
554,704,"Die Haut, in der ich wohne",La piel que habito,2011,121,Drama | Thriller,ESP,Pedro Almodóvar,Antonio Banderas | Elena Anaya | Marisa Paredes,7.6,82.000,84.000,https://www.justwatch.com/de/Film/Die-Haut-in-der-ich-wohne,
555,705,Victoria,,2015,140,Krimi | Thriller,GER,Sebastian Schipper,Laia Costa | Frederick Lau | Franz Rogowski,7.6,82.000,83.000,https://www.justwatch.com/de/Film/Victoria,
556,706,Die Royal Tenenbaums,The Royal Tenenbaums,2001,108,Drama | Komödie,USA,Wes Anderson,Gene Hackman | Anjelica Huston | Ben Stiller,7.6,81.000,89.000,https://www.justwatch.com/de/Film/Die-Royal-Tenenbaums,
557,707,Waking Life,,2001,101,Animation | Drama,USA,Richard Linklater,Wiley Wiggins | Trevor Jack Brooks | Lorelei Linklater,7.6,81.000,87.000,https://www.justwatch.com/de/Film/Waking-Life,
558,708,Lethal Weapon – Zwei stahlharte Profis,Lethal Weapon,1987,112,Action | Thriller,USA,Richard Donner,Mel Gibson | Danny Glover | Gary Busey,7.6,81.000,86.000,https://www.justwatch.com/de/Film/Lethal-Weapon-Zwei-stahlharte-Profis,
559,709,21 Gramm,21 Grams,2003,125,Krimi | Thriller,USA,Alejandro G. Iñárritu,Sean Penn | Naomi Watts | Benicio del Toro,7.6,80.000,86.000,https://www.justwatch.com/de/Film/21-Gramm,
560,710,25 Stunden,25th Hour,2002,135,Drama | Mystery,USA,Spike Lee,Edward Norton | Philip Seymour Hoffman | Barry Pepper,7.6,80.000,85.000,https://www.justwatch.com/de/Film/25-Stunden,
1268,711,Der schmale Grat,The Thin Red Line,1998,170,Drama | Krieg,USA,Terrence Malick,Sean Penn | Jim Caviezel | Nick Nolte,7.6,80.000,80.000,https://www.justwatch.com/de/Film/Der-schmale-Grat,
561,712,Star Wars: Episode III – Die Rache der Sith,Star Wars: Episode III – Revenge of the Sith,2005,140,Abenteuer | Sci-Fi,USA,George Lucas,Hayden Christensen | Ewan McGregor | Natalie Portman,7.6,79.000,66.000,https://www.justwatch.com/de/Film/Star-Wars-III-Die-Rache-der-Sith,
562,713,Dark City,,1998,100,Fantasy | Sci-Fi,AUS | USA,Alex Proyas,Rufus Sewell | Kiefer Sutherland | Jennifer Connelly,7.6,77.000,85.000,https://www.justwatch.com/de/Film/Dark-City,
563,714,Lady Vengeance,친절한 금자씨 / Chinjeolhan geumjassi,2005,115,Drama | Thriller,KOR,Park Chan-wook,Lee Young-ae | Choi Min-sik | Kwon Yea-young,7.6,76.000,87.000,https://www.justwatch.com/de/Film/Lady-Vengeance,
564,715,Herz aus Stahl,Fury,2014,134,Drama | Krieg,UK | USA,David Ayer,Brad Pitt | Shia LaBeouf | Logan Lerman,7.6,76.000,84.000,https://www.justwatch.com/de/Film/Herz-Aus-Stahl,
565,716,Das fünfte Element,The Fifth Element,1997,126,Action | Sci-Fi,FRA,Luc Besson,Bruce Willis | Milla Jovovich | Gary Oldman,7.6,71.000,87.000,https://www.justwatch.com/de/Film/Das-fuenfte-Element,
566,717,Die Welle,,2008,107,Drama | Thriller,GER,Dennis Gansel,Jürgen Vogel | Frederick Lau | Max Riemelt,7.6,70.000,94.000,https://www.justwatch.com/de/Film/Die-Welle,
567,718,Lost Highway,,1997,135,Noir | Thriller,USA,David Lynch,Bill Pullman | Patricia Arquette | Balthazar Getty,7.6,69.000,87.000,https://www.justwatch.com/de/Film/Lost-Highway,
568,719,Sherlock Homes,,2009,128,Action | Thriller,GER | UK | USA,Guy Ritchie,Robert Downey Jr. | Jude Law | Rachel McAdams,7.6,69.000,77.000,https://www.justwatch.com/de/Film/Sherlock-Holmes-2009,
569,720,American Psycho,,2000,102,Horror | Komödie,CAN | USA,Mary Harron,Christian Bale | Justin Theroux | Josh Lucas,7.6,68.000,85.000,https://www.justwatch.com/de/Film/American-Psycho,
570,721,Carandiru,,2003,147,Drama | Krimi,ARG | BRA,Héctor Babenco,Luiz Carlos Vasconcelos | Rodrigo Santoro | Wagner Moura,7.6,67.000,85.000,https://www.justwatch.com/de/Film/Carandiru,
571,722,Der Pate III,The Godfather Part III,1990,162,Drama | Krimi,USA,Francis Ford Coppola,Al Pacino | Andy Garcia | Diane Keaton,7.6,66.000,68.000,https://www.justwatch.com/de/Film/der-pate-epilog-der-tod-von-michael-corleone,
572,723,Watchmen – Die Wächter,Watchmen,2009,162,Action | Sci-Fi,USA,Zack Snyder,Jackie Earle Haley | Patrick Wilson | Malin Akerman,7.6,65.000,71.000,https://www.justwatch.com/de/Film/Watchmen-Die-Waechter,
573,724,Stirb langsam: Jetzt erst recht,Die Hard with a Vengeance,1995,131,Action | Thriller,USA,John McTiernan,Bruce Willis | Samuel L. Jackson | Jeremy Irons,7.6,60.000,83.000,https://www.justwatch.com/de/Film/Stirb-langsam-Jetzt-erst-recht,
574,725,1900,Novecento,1976,317,Drama | Romanze,FRA | GER | ITA,Bernardo Bertolucci,Robert de Niro | Gérard Depardieu | Dominique Sanda,7.6,52.000,84.000,https://www.justwatch.com/de/Film/1900,
575,726,Der Blick des Odysseus,Το βλέμμα του Οδυσσέα / To Vlemma tou Odyssea,1995,176,Drama | Krieg,FRA | GER | GRE | ITA,Theo Angelopoulos,Harvey Keitel | Maia Morgenstern | Erland Josephson,7.6,27.000,89.000,https://www.justwatch.com/de/Film/Der-Blick-des-Odysseus,
576,727,Der blutige Pfad Gottes,The Boondock Saints,1999,108,Action | Thriller,CAN | USA,Troy Duffy,Sean Patrick Flanery | Norman Reedus | Willem Dafoe,7.6,26.000,91.000,https://www.justwatch.com/de/Film/Der-blutige-Pfad-Gottes,
1222,728,Bittersweet Life,달콤한 인생 / Dalkomhan Insaeng,2005,120,Action | Thriller,KOR,Kim Jee-woon,Lee Byung-hun | Shin Min-ah | Kim Young-cheol,7.5,100.000,90.000,https://www.justwatch.com/de/Film/Bittersweet-Life,
577,729,Die schöne Querulantin,La Belle Noiseuse,1991,238,Drama | Drama,FRA,Jacques Rivette,Michel Piccoli | Emmanuelle Béart | Jane Birkin,7.5,100.000,82.000,https://www.justwatch.com/de/Film/Die-schoene-Querulantin,
1280,730,Rebellen im Neonlicht,青少年哪吒 / Qīngshàonián Nuòzhā,1992,106,Drama | Krimi,TWN,Tsai Ming-liang,Lee Kang-sheng | Chen Chao-jung | Jen Chang-bin,7.5,100.000,77.000,https://www.justwatch.com/de/Film/Qing-Shao-Nian-Na-Zha,
1104,731,Das Mädchen Wadjda,Wadjda / وجدة,2012,98,Coming-of-Age | Drama,KSA,Haifaa al-Mansour,Waad Mohammed | Reem Abdullah | Abdullrahman Al Gohani,7.5,99.000,88.000,https://www.justwatch.com/de/Film/Das-Maedchen-Wadjda,
1099,732,Selma,,2014,128,Biografie | Drama,FRA | UK | USA,Ava DuVernay,David Oyelowo | Carmen Ejogo | Tom Wilkinson,7.5,99.000,86.000,https://www.justwatch.com/de/Film/Martin-Luther-King-Der-Marsch-von-Selma,
1010,733,No Other Choice,어쩔 수가 없다 / Eojjeolsugaeopda,2025,139,Komödie | Thriller,KOR,Park Chan-wook,Lee Byung-hun | Son Ye-jin | Park Hee-soon,7.5,97.000,93.000,https://www.justwatch.com/de/Film/no-other-choice,
1079,734,The Farewell,,2019,100,Drama | Komödie,CHN | USA,Lulu Wang,Awkwafina | Zhao Shuzhen | Tzi Ma,7.5,97.000,87.000,https://www.justwatch.com/de/Film/The-Farewell,
578,735,The Player,,1992,124,Komödie | Krimi,USA,Robert Altman,Tim Robbins | Greta Scacchi | Fred Ward,7.5,97.000,84.000,https://www.justwatch.com/de/Film/The-Player,
1142,736,Ip Man 2,葉問2:宗師傳奇 / Yè Wèn Èr: Zōngshī Chuánqí,2010,108,Action | Drama,HKG,Wilson Yip,Donnie Yen | Sammo Hung | Huang Xiaoming,7.5,97.000,84.000,https://www.justwatch.com/de/Film/Ip-Man-2,
579,737,A Hero – Die verlorene Ehre des Herrn Soltani,قهرمان / Ghahreman,2021,127,Drama | Drama,FRA | IRN,Asghar Farhadi,Amir Jadidi | Mohsen Tanabandeh | Sahar Goldoost,7.5,97.000,83.000,https://www.justwatch.com/de/Film/qhrmn,
580,738,Sideways,,2004,127,Drama | Komödie,USA,Alexander Payne,Paul Giamatti | Thomas Haden Church | Virginia Madsen,7.5,97.000,79.000,https://www.justwatch.com/de/Film/Sideways,
1130,739,Leid und Herrlichkeit,Dolor y gloria,2019,113,Drama | Drama,ESP,Pedro Almodóvar,Antonio Banderas | Asier Etxeandia | Penélope Cruz,7.5,96.000,91.000,https://www.justwatch.com/de/Film/Pain-und-Glory,
581,740,Helden der Wahrscheinlichkeit,Retfærdighedens Ryttere,2020,116,Komödie | Krimi,DEN,Anders Thomas Jensen,Mads Mikkelsen | Nikolaj Lie Kaas | Andrea Heick Gadeberg,7.5,96.000,89.000,https://www.justwatch.com/de/Film/Riders-of-Justice,
582,741,Tödliches Kommando - The Hurt Locker,The Hurt Locker,2008,131,Drama | Thriller,USA,Kathryn Bigelow,Jeremy Renner | Anthony Mackie | Brian Geraghty,7.5,96.000,84.000,https://www.justwatch.com/de/Film/Toedliches-Kommando-The-Hurt-Locker,
583,742,Ein Fisch namens Wanda,A Fish Called Wanda,1988,108,Komödie | Krimi,UK | USA,Charles Crichton,John Cleese | Jamie Lee Curtis | Kevin Kline,7.5,96.000,84.000,https://www.justwatch.com/de/Film/Ein-Fisch-namens-Wanda,
584,743,BlacKkKlansman,,2018,135,Komödie | Krimi,USA,Spike Lee,John David Washington | Adam Driver | Laura Harrier,7.5,96.000,83.000,https://www.justwatch.com/de/Film/BLACKkKLANSMAN,
1058,744,A Quiet Place,,2018,90,Horror | Sci-Fi,USA,John Krasinski,Emily Blunt | John Krasinski | Millicent Simmonds,7.5,96.000,83.000,https://www.justwatch.com/de/Film/A-Quiet-Place,
585,745,Fallen Angels,墮落天使 / Dolok Tinsi,1995,96,Komödie | Krimi,HKG,Wong Kar-Wai,Leon Lai | Michelle Reis | Takeshi Kaneshiro,7.5,95.000,87.000,https://www.justwatch.com/de/Film/Fallen-Angels-1995,
586,746,Midnight Run – Fünf Tage bis Mitternacht,Midnight Run,1988,121,Action | Komödie,USA,Martin Brest,Robert de Niro | Charles Grodin | Yaphet Kotto,7.5,95.000,87.000,https://www.justwatch.com/de/Film/Midnight-Run-5-Tage-bis-Mitternacht,
587,747,Dead Man Walking – Sein letzter Gang,Dead Man Walking,1995,122,Drama | Krimi,UK | USA,Tim Robbins,Susan Sarandon | Sean Penn | Robert Prosky,7.5,95.000,86.000,https://www.justwatch.com/de/Film/Dead-Man-Walking-Sein-letzter-Gang,
588,748,Die Klasse,Entre les murs,2008,128,Drama | Drama,FRA,Laurent Cantet,François Bégaudeau | Esmeralda Ouertani | Rachel Régulier,7.5,95.000,82.000,https://www.justwatch.com/de/Film/Zwischen-den-Mauern,
589,749,Burning,버닝 / Beoning,2018,148,Mystery | Thriller,JAP | KOR,Lee Chang-dong,Yoo Ah-in | Steven Yeun | Jeon Jong-seo,7.5,95.000,80.000,https://www.justwatch.com/de/Film/Burning,
1289,750,Train Dreams,,2025,102,Drama | Drama,USA,Clint Bentley,Joel Edgerton | Felicity Jones | Kerry Condon,7.5,94.000,92.000,https://www.justwatch.com/de/Film/train-dreams,
1191,751,Priscilla - Königin der Wüste,"The Adventures of Priscilla, Queen of the Desert",1994,104,Drama | Komödie,AUS,Stephan Elliott,Terence Stamp | Hugo Weaving | Guy Pearce,7.5,94.000,88.000,https://www.justwatch.com/de/Film/Priscilla-Koenigin-der-Wueste,
1082,752,Nächster Halt: Fruitvale Station,Fruitvale Station,2013,85,Biografie | Drama,USA,Ryan Coogler,Michael B. Jordan | Melonie Diaz | Octavia Spencer,7.5,94.000,87.000,https://www.justwatch.com/de/Film/Naechster-Halt-Fruitvale-Station,
1153,753,Cure,キュア / Kyua,1997,111,Horror | Thriller,JAP,Kiyoshi Kurosawa,Kôji Yakusho | Masato Hagiwara | Tsuyoshi Ujiki,7.5,94.000,85.000,https://www.justwatch.com/de/Film/Cure,
590,754,Secret Sunshine,밀양 / Miryang,2007,142,Drama | Krimi,KOR,Lee Chang-dong,Jeon Do-yeon | Song Kang-ho | Lee Dong-yong,7.5,94.000,76.000,https://www.justwatch.com/de/Film/Secret-Sunshine,
1134,755,Amerikanische Fiktion,American Fiction,2023,117,Drama | Komödie,USA,Cord Jefferson,Jeffrey Wright | Tracee Ellis Ross | Sterling K. Brown,7.5,93.000,95.000,https://www.justwatch.com/de/Film/untitled-cord-jefferson-film,
591,756,Sonatine,ソナチネ / Sonachine,1993,94,Action | Krimi,JAP,Takeshi Kitano,Takeshi Kitano | Aya Kokumai | Tetsu Watanabe,7.5,93.000,89.000,,
1022,757,Milk,,2008,128,Biografie | Drama,USA,Gus Van Sant,Sean Penn | James Franco | Josh Brolin,7.5,93.000,89.000,https://www.justwatch.com/de/Film/Milk,
592,758,Die Fälscher,,2007,98,Drama | Krieg,AUT | GER,Stefan Ruzowitzky,Karl Markovics | August Diehl | Devid Striesow,7.5,93.000,88.000,https://www.justwatch.com/de/Film/Die-Faelscher,
593,759,Best in Show,,2000,90,Drama | Komödie,USA,Christopher Guest,Eugene Levy | Catherine O'Hara | Christopher Guest,7.5,93.000,88.000,https://www.justwatch.com/de/Film/Best-in-Show,
1192,760,127 Hours,,2010,94,Biografie | Drama,UK | USA,Danny Boyle,James Franco | Amber Tamblyn | Kate Mara,7.5,93.000,85.000,https://www.justwatch.com/de/Film/127-Hours,
594,761,Anora,,2024,139,Komödie | Romanze,USA,Sean Baker,Mikey Madison | Mark Eydelshteyn | Yura Borisov,7.5,93.000,84.000,https://www.justwatch.com/de/Film/anora,
1242,762,Pickpocket,,1959,75,Drama | Krimi,FRA,Robert Bresson,Martin LaSalle | Marika Green | Pierre Leymarie,7.5,93.000,84.000,https://www.justwatch.com/de/Film/Pickpocket,
595,763,Spider-Man 2,,2004,127,Action | Sci-Fi,USA,Sam Raimi,Tobey Maguire | Kirsten Dunst | Alfred Molina,7.5,93.000,82.000,https://www.justwatch.com/de/Film/Spider-Man-2,
596,764,Prince of the City,,1981,167,Krimi | Thriller,USA,Sidney Lumet,Treat Williams | Jerry Orbach | Richard Foronjy,7.5,93.000,82.000,https://www.justwatch.com/de/Film/Prince-of-the-City-Die-Herren-der-Stadt,
597,765,Die rote Schildkröte,La tortue rouge,2016,80,Animation | Drama,BEL | FRA | JAP,Michael Dudok de Wit,,7.5,93.000,81.000,https://www.justwatch.com/de/Film/Die-rote-Schildkroete,
598,766,Der Brutalist,The Brutalist,2024,214,Drama | Tragödie,HUN | UK | USA,Brady Corbet,Adrien Brody | Felicity Jones | Guy Pearce,7.5,93.000,80.000,https://www.justwatch.com/de/Film/the-brutalist,
599,767,The Favourite – Intrigen und Irrsinn,The Favourite,2018,120,Drama | Komödie,IRE | UK | USA,Yorgos Lanthimos,Olivia Colman | Rachel Weisz | Emma Stone,7.5,93.000,71.000,https://www.justwatch.com/de/Film/The-Favourite,
600,768,Baby Driver,,2017,115,Action | Krimi,UK | USA,Edgar Wright,Ansel Elgort | Kevin Spacey | Lily James,7.5,92.000,86.000,https://www.justwatch.com/de/Film/Baby-Driver,
601,769,Die Kanonen von Navarone,The Guns of Navarone,1961,158,Abenteur | Krieg,UK | USA,J. Lee Thompson,Gregory Peck | David Niven | Anthony Quinn,7.5,92.000,86.000,https://www.justwatch.com/de/Film/Die-Kanonen-von-Navarone,
1225,770,The Town – Stadt ohne Gnade,The Town,2010,125,Krimi | Thriller,USA,Ben Affleck,Ben Affleck | Rebecca Hall | Jeremy Renner,7.5,92.000,85.000,https://www.justwatch.com/de/Film/The-Town-Stadt-ohne-Gnade,
1030,771,Die Fabelmans,The Fabelmans,2022,151,Drama | Komödie,USA,Steven Spielberg,Gabriel LaBelle | Michelle Williams | Paul Dano,7.5,92.000,83.000,https://www.justwatch.com/de/Film/The-Fabelmans,
602,772,Source Code,,2011,93,Drama | Thriller,USA,Duncan Jones,Jake Gyllenhaal | Michelle Monaghan | Vera Farmiga,7.5,92.000,82.000,https://www.justwatch.com/de/Film/Source-Code,
603,773,The Wicker Man,,1973,88,Horror | Mystery,UK,Robin Hardy,Edward Woodward | Christopher Lee | Diane Cilento,7.5,91.000,82.000,https://www.justwatch.com/de/Film/The-Wicker-Man,
1096,774,Ein einfacher Plan,A Simple Plan,1998,121,Krimi | Thriller,USA,Sam Raimi,Bill Paxton | Billy Bob Thornton | Bridget Fonda,7.5,91.000,81.000,https://www.justwatch.com/de/Film/Ein-einfacher-Plan,
604,775,Delicatessen,,1991,99,Komödie | Sci-Fi,FRA,Jean-Pierre Jeunet,Dominique Pinon | Marie-Laure Dougnac | Jean-Claude Dreyfus,7.5,90.000,91.000,https://www.justwatch.com/de/Film/Delicatessen,
1151,776,Battle Royale,バトル・ロワイアル / Batoru Rowaiaru,2000,114,Action | Thriller,JAP,Kinji Fukasaku,Tatsuya Fujiwara | Aki Maeda | Tarō Yamamoto,7.5,90.000,89.000,https://www.justwatch.com/de/Film/Battle-Royal,
605,777,Furiosa: A Mad Max Saga,,2024,148,Abenteuer | Action,AUS,George Miller,Anya Taylor-Joy | Chris Hemsworth | Tom Burke,7.5,90.000,88.000,https://www.justwatch.com/de/Film/furiosa,
606,778,12 Uhr nachts – Midnight Express,Midnight Express,1978,121,Drama | Krimi,UK | USA,Alan Parker,Brad Davis | Irene Miracle | John Hurt,7.5,90.000,88.000,https://www.justwatch.com/de/Film/12-Uhr-nachts-Midnight-Express,
607,779,The Wind that Shakes the Barley,,2006,127,Drama | Krieg,IRE | UK,Ken Loach,Cillian Murphy | Pádraic Delaney | Liam Cunningham,7.5,90.000,87.000,https://www.justwatch.com/de/Film/The-Wind-That-Shakes-the-Barley,
1105,780,Promising Young Woman,,2020,114,Komödie | Thriller,UK | USA,Emerald Fennell,Carey Mulligan | Bo Burnham | Alison Brie,7.5,90.000,87.000,https://www.justwatch.com/de/Film/Promising-Young-Woman,
608,781,Das Piano,The Piano,1993,121,Drama | Romanze,AUS | FRA | NZL,Jane Campion,Holly Hunter | Harvey Keitel | Sam Neill,7.5,90.000,86.000,https://www.justwatch.com/de/Film/Das-Piano,
1038,782,Hunger,,2008,96,Biografie | Drama,IRE | UK,Steve McQueen,Michael Fassbender | Liam Cunningham | Liam McMahon,7.5,90.000,83.000,https://www.justwatch.com/de/Film/Hunger-2008,
609,783,Zombieland,,2009,88,Horror | Komödie,USA,Ruben Fleischer,Jesse Eisenberg | Woody Harrelson | Emma Stone,7.5,89.000,86.000,https://www.justwatch.com/de/Film/Zombieland,
1296,784,Doctor Strange,,2016,115,Action | Fantasy,USA,Scott Derrickson,Benedict Cumberbatch | Chiwetel Ejiofor | Rachel McAdams,7.5,89.000,86.000,https://www.justwatch.com/de/Film/Doctor-Strange-2016,
610,785,American Werewolf,An American Werewolf In London,1981,97,Horror | Komödie,UK | USA,John Landis,David Naughton | Griffin Dunne | Jenny Agutter,7.5,89.000,85.000,https://www.justwatch.com/de/Film/American-Werewolf,
1088,786,Abyss,The Abyss,1989,139,Abenteuer | Sci-Fi,USA,James Cameron,Ed Harris | Mary Elizabeth Mastrantonio | Michael Biehn,7.5,89.000,83.000,https://www.justwatch.com/de/Film/Abyss-Abgrund-des-Todes,
1234,787,Nachtasyl,Les Bas-Fonds,1936,95,Drama | Krimi,FRA,Jean Renoir,Jean Gabin | Louis Jouvet | Suzy Prim,7.5,89.000,81.000,https://www.justwatch.com/de/Film/Nachtasyl,
611,788,Sin Nombre,,2009,96,Abenteuer | Thriller,MEX | USA,Cary Joji Fukunaga,Paulina Gaitán | Edgar Flores | Kristyan Ferrer,7.5,88.000,89.000,https://www.justwatch.com/de/Film/Sin-Nombre-Zug-der-Hoffnung,
612,789,Jagd auf Roter Oktober,The Hunt for Red October,1990,129,Action | Thriller,USA,John McTiernan,Sean Connery | Alec Baldwin | Scott Glenn,7.5,88.000,88.000,https://www.justwatch.com/de/Film/Jagd-auf-Roter-Oktober,
613,790,Die Warriors,The Warriors,1979,94,Action | Thriller,USA,Walter Hill,Michael Beck | James Remar | Dorsey Wright,7.5,88.000,88.000,https://www.justwatch.com/de/Film/Die-Warriors,
1077,791,Upgrade,,2018,100,Action | Sci-Fi,AUS | USA,Leigh Whannell,Logan Marshall-Green | Melanie Vallejo | Harrison Gilbertson,7.5,88.000,88.000,https://www.justwatch.com/de/Film/Upgrade,
614,792,Monty Pythons wunderbare Welt der Schwerkraft,Monty Python’s And Now for Something Completely Different,1971,90,Komödie | Parodie,UK,Ian MacNaughton,John Cleese | Michael Palin | Graham Chapman,7.5,88.000,87.000,https://www.justwatch.com/de/Film/Die-wunderbare-Welt-der-Schwerkraft,
1199,793,Boy A,,2007,106,Drama | Drama,UK,John Crowley,Andrew Garfield | Peter Mullan | Katie Lyons,7.5,88.000,87.000,https://www.justwatch.com/de/Film/Boy-A,
615,794,Jackie Brown,,1997,154,Drama | Krimi,USA,Quentin Tarantino,Pam Grier | Samuel L. Jackson | Robert de Niro,7.5,88.000,85.000,https://www.justwatch.com/de/Film/Jackie-Brown,
616,795,The Crow – Die Krähe,The Crow,1994,102,Action | Fantasy,USA,Alex Proyas,Brandon Lee | Michael Wincott | Rochelle Davis,7.5,87.000,90.000,https://www.justwatch.com/de/Film/The-Crow-Die-Rache-der-Kraehe,
617,796,28 Days Later,,2002,113,Horror | Thriller,UK,Danny Boyle,Cillian Murphy | Naomie Harris | Christopher Eccleston,7.5,87.000,85.000,https://www.justwatch.com/de/Film/28-Tage-spaeter,
618,797,Die Glücksritter,Trading Places,1983,111,Drama | Komödie,USA,John Landis,Dan Aykroyd | Eddie Murphy | Jamie Lee Curtis,7.5,87.000,85.000,https://www.justwatch.com/de/Film/Die-Gluecksritter,
619,798,Die Geschichte der Qiu Ju,秋菊打官司  / Qiū jú dǎ guānsī,1992,110,Drama | Komödie,CHN,Zhang Yimou,Gong Li | Peiqi Liu | Liuchun Yang,7.5,87.000,85.000,https://www.justwatch.com/de/Film/Tsiu-Tsziu-idiot-v-sud,
620,799,Uzak – Weit,Uzak,2002,109,Drama | Komödie,TUR,Nuri Bilge Ceylan,Muzaffer Özdemir | Mehmet Emin Toprak | Zuhal Gencer Erkaya,7.5,87.000,82.000,https://www.justwatch.com/de/Film/Uzak-Weit,
621,800,House of Flying Daggers,十面埋伏 / Shímiàn máifú,2004,119,Action | Drama,CHN | HKG,Zhang Yimou,Zhang Ziyi | Takeshi Kaneshiro | Andy Lau,7.5,87.000,82.000,https://www.justwatch.com/de/Film/House-of-the-Flying-Daggers,
622,801,"Kiss Kiss, Bang Bang",Kiss Kiss Bang Bang,2005,103,Komödie | Krimi,USA,Shane Black,Robert Downey Jr. | Val Kilmer | Michelle Monaghan,7.5,86.000,87.000,https://www.justwatch.com/de/Film/Kiss-Kiss-Bang-Bang,
623,802,Tucker and Dale vs. Evil,,2010,89,Horror | Komödie,CAN,Eli Craig,Tyler Labine | Alan Tudyk | Katrina Bowden,7.5,86.000,85.000,https://www.justwatch.com/de/Film/Tucker-und-Dale-gegen-das-Boese,
624,803,Collateral,,2004,120,Action | Thriller,USA,Michael Mann,Tom Cruise | Jamie Foxx | Jada Pinkett Smith,7.5,86.000,84.000,https://www.justwatch.com/de/Film/Collateral,
1236,804,Die Lady von Shanghai,The Lady from Shanghai,1947,87,Krimi | Thriller,USA,Orson Welles,Rita Hayworth | Orson Welles | Everett Sloane,7.5,86.000,84.000,https://www.justwatch.com/de/Film/Die-Lady-von-Shanghai,
625,805,Der Sinn des Lebens,Monty Python’s The Meaning of Life,1983,107,Komödie | Parodie,UK,Terry Jones,John Cleese | Terry Gilliam | Eric Idle,7.5,86.000,83.000,https://www.justwatch.com/de/Film/Monty-Pythons-Der-Sinn-des-Lebens,
626,806,John Wick,,2014,101,Action | Thriller,USA,Chad Stahelski,Keanu Reeves | Michael Nyqvist | Alfie Allen,7.5,86.000,82.000,https://www.justwatch.com/de/Film/John-Wick,
627,807,"Der Spion, der aus der Kälte kam",The Spy Who Came In from the Cold,1965,112,Drama | Thriller,UK,Martin Ritt,Richard Burton | Claire Bloom | Oskar Werner,7.5,86.000,82.000,https://www.justwatch.com/de/Film/Der-Spion-der-aus-der-Kaelte-kam,
628,808,Aviator,The Aviator,2004,169,Abenteuer | Drama,GER | USA,Martin Scorsese,Leonardo DiCaprio | Cate Blanchett | Kate Beckinsale,7.5,86.000,79.000,https://www.justwatch.com/de/Film/Aviator,
629,809,"Pleasantville – Zu schön, um wahr zu sein",Pleasantville,1998,124,Fantasy | Komödie,USA,Gary Ross,Tobey Maguire | Reese Witherspoon | Joan Allen,7.5,86.000,79.000,https://www.justwatch.com/de/Film/Pleasantville-Zu-schoen-um-wahr-zu-sein,
630,810,König der Fischer,The Fisher King,1991,137,Drama | Komödie,USA,Terry Gilliam,Jeff Bridges | Robin Williams | Mercedes Ruehl,7.5,85.000,85.000,https://www.justwatch.com/de/Film/Koenig-der-Fischer,
631,811,Das Omen,The Omen,1976,106,Horror | Mystery,UK | USA,Richard Donner,Gregory Peck | Lee Remick | Harvey Stephens,7.5,85.000,81.000,https://www.justwatch.com/de/Film/Das-Omen-1976,
632,812,Master and Commander – Bis ans Ende der Welt,Master and Commander: The Far Side of the World,2003,138,Abenteuer | Drama,USA,Peter Weir,Russell Crowe | Paul Bettany | James D'Arcy,7.5,85.000,80.000,https://www.justwatch.com/de/Film/Master-and-Commander-Bis-ans-Ende-der-Welt,
1061,813,Withnail & I,,1987,107,Drama | Komödie,UK,Bruce Robinson,Richard E. Grant | Paul McGann | Richard Griffiths,7.5,84.000,93.000,https://www.justwatch.com/de/Film/Withnail-und-I,
633,814,Der Mieter,Le locataire,1976,120,Drama | Thriller,FRA,Roman Polanski,Roman Polanski | Isabelle Adjani | Melvyn Douglas,7.5,84.000,87.000,https://www.justwatch.com/de/Film/Der-Mieter,
634,815,Scott Pilgrim gegen den Rest der Welt,Scott Pilgrim vs. The World,2010,112,Action | Komödie,JAP | UK | USA,Edgar Wright,Michael Cera | Mary Elizabeth Winstead | Kieran Culkin,7.5,83.000,84.000,https://www.justwatch.com/de/Film/Scott-Pilgrim-gegen-den-Rest-der-Welt,
635,816,Beetlejuice,,1988,92,Fantasy | Komödie,USA,Tim Burton,Michael Keaton | Alec Baldwin | Geena Davis,7.5,83.000,82.000,https://www.justwatch.com/de/Film/Lottergeist-Beetlejuice,
1145,817,Der Pakt,The Covenant,2023,123,Action | Krieg,ESP | UK | USA,Guy Ritchie,Jake Gyllenhaal | Dar Salim | Sean Sagar,7.5,82.000,98.000,https://www.justwatch.com/de/Film/the-covenant-2024,
636,818,Die letzte Versuchung Christi,The Last Temptation of Christ,1988,164,Action | Drama,USA,Martin Scorsese,Willem Dafoe | Harvey Keitel | Barbara Hershey,7.5,82.000,84.000,https://www.justwatch.com/de/Film/Die-letzte-Versuchung-Christi,
637,819,Die totale Erinnerung – Total Recall,Total Recall,1990,113,Action | Sci-Fi,USA,Paul Verhoeven,Arnold Schwarzenegger | Sharon Stone | Rachel Ticotin,7.5,82.000,79.000,https://www.justwatch.com/de/Film/Die-totale-Erinnerung-Total-Recall,
638,820,The Man Who Wasn’t There,,2001,118,Krimi | Noir,UK | USA,"Joel Coen, Ethan Coen",Billy Bob Thornton | Frances McDormand | Michael Badalucco,7.5,81.000,85.000,https://www.justwatch.com/de/Film/Der-unauffaellige-Mr-Crane,
1046,821,Perfect World,A Perfect World,1993,138,Drama | Krimi,USA,Clint Eastwood,Kevin Costner | Clint Eastwood | T.J. Lowther,7.5,78.000,84.000,https://www.justwatch.com/de/Film/Perfect-World,
1047,822,Der Fall Richard Jewell,Richard Jewell,2019,129,Drama | Krimi,USA,Clint Eastwood,Paul Walter Hauser | Sam Rockwell | Kathy Bates,7.5,77.000,96.000,https://www.justwatch.com/de/Film/Der-Fall-Richard-Jewell,
639,823,Batman,,1989,126,Abenteuer | Action,USA,Tim Burton,Michael Keaton | Jack Nicholson | Kim Basinger,7.5,77.000,84.000,https://www.justwatch.com/de/Film/Batman-1,
640,824,Die Ermordung des Jesse James durch den Feigling Robert Ford,The Assassination of Jesse James by the Coward Robert Ford,2007,160,Drama | Western,USA,Andrew Dominik,Brad Pitt | Casey Affleck | Sam Rockwell,7.5,77.000,75.000,https://www.justwatch.com/de/Film/Die-Ermordung-des-Jesse-James-durch-den-Feigling-Robert-Ford,
1124,825,Eyes Wide Shut,,1999,159,Drama | Thriller,UK | USA,Stanley Kubrick,Tom Cruise | Nicole Kidman | Sydney Pollack,7.5,76.000,74.000,https://www.justwatch.com/de/Film/Eyes-Wide-Shut,
641,826,Funny Games,,1997,109,Drama | Thriller,AUT,Michael Haneke,Susanne Lothar | Ulrich Mühe | Arno Frisch,7.5,73.000,83.000,https://www.justwatch.com/de/Film/Funny-Games,
642,827,The Illusionist – Nichts ist wie es scheint,The Illusionist,2006,109,Romanze | Thriller,CZE | USA,Neil Burger,Edward Norton | Paul Giamatti | Jessica Biel,7.5,73.000,83.000,https://www.justwatch.com/de/Film/The-Illusionist-Nichts-ist-wie-es-scheint,
643,828,Dolls,ドールズ / Dōruzu,2002,114,Drama | Romanze,JAP,Takeshi Kitano,Miho Kanno | Hidetoshi Nishijima | Tatsuya Mihashi,7.5,72.000,88.000,,
644,829,Jacob’s Ladder – In der Gewalt des Jenseits,Jacob’s Ladder,1990,113,Horror | Mystery,USA,Adrian Lyne,Tim Robbins | Elizabeth Peña | Danny Aiello,7.5,72.000,84.000,https://www.justwatch.com/de/Film/Jacobs-Ladder-In-der-Gewalt-des-Jenseits,
645,830,Gangs of New York,,2002,167,Drama | Krimi,USA,Martin Scorsese,Leonardo DiCaprio | Daniel Day-Lewis | Cameron Diaz,7.5,72.000,81.000,https://www.justwatch.com/de/Film/Gangs-of-New-York,
646,831,"Komm, süßer Tod",,2000,108,Komödie | Krimi,AUT,Wolfgang Murnberger,Josef Hader | Simon Schwarz | Barbara Rudnik,7.5,70.000,93.000,https://www.justwatch.com/de/Film/Komm-suesser-Tod-2000,
647,832,Blinkende Lichter,Blinkende lygter,2000,109,Komödie | Krimi,DEN,Anders Thomas Jensen,Søren Pilmark | Ulrich Thomsen | Mads Mikkelsen,7.5,70.000,90.000,https://www.justwatch.com/de/Film/Blinkende-Lichter,
648,833,Die fetten Jahre sind vorbei,,2004,127,Komödie | Krimi,AUT | GER,Hans Weingartner,Daniel Brühl | Julia Jentsch | Stipe Erceg,7.5,70.000,89.000,https://www.justwatch.com/de/Film/Die-fetten-Jahre-sind-vorbei,
649,834,Dead Man,,1995,121,Drama | Western,GER | JAP | USA,Jim Jarmusch,Johnny Depp | Gary Farmer | Crispin Glover,7.5,69.000,88.000,https://www.justwatch.com/de/Film/Dead-Man,
650,835,Babel,,2006,143,Drama | Thriller,FRA | MEX | USA,Alejandro G. Iñárritu,Brad Pitt | Cate Blanchett | Gael García Bernal,7.5,69.000,77.000,https://www.justwatch.com/de/Film/Babel-2006,
651,836,Contact,,1997,153,Drama | Sci-Fi,USA,Robert Zemeckis,Jodie Foster | Matthew McConaughey | Tom Skerritt,7.5,68.000,79.000,https://www.justwatch.com/de/Film/Contact,
652,837,Die Jury,A Time to Kill,1996,149,Krimi | Thriller,USA,Joel Schuhmacher,Matthew McConaughey | Sandra Bullock | Samuel L. Jackson,7.5,67.000,85.000,https://www.justwatch.com/de/Film/Die-Jury,
653,838,New World - Zwischen den Fronten,신세계 / Sinsegye,2013,134,Krimi | Thriller,KOR,Park Hoon-jung,Lee Jung-jae | Choi Min-sik | Hwang Jung-min,7.5,63.000,87.000,https://www.justwatch.com/de/Film/New-World-Zwischen-den-Fronten,
654,839,Im Auftrag des Teufels,The Devil’s Advocate,1997,144,Fantasy | Thriller,USA,Taylor Hackford,Keanu Reeves | Al Pacino | Charlize Theron,7.5,63.000,80.000,https://www.justwatch.com/de/Film/Im-Auftrag-des-Teufels,
655,840,Blutrache – Dead Man’s Shoes,Dead Man’s Shoes,2004,86,Drama | Thriller,UK,Shane Meadows,Paddy Considine | Toby Kebbell | Gary Stretch,7.5,60.000,91.000,https://www.justwatch.com/de/Film/Blutrache-Dead-Mans-Shoes,
656,841,Blow,,2001,124,Drama | Krimi,USA,Ted Demme,Johnny Depp | Penélope Cruz | Franka Potente,7.5,56.000,87.000,https://www.justwatch.com/de/Film/Blow,
657,842,Sympathy for Mr. Vengeance,복수는 나의 것 / Boksuneun naui geot,2002,129,Drama | Thriller,KOR,Park Chan-wook,Shin Ha-kyun | Song Kang-ho | Bae Doona,7.5,53.000,84.000,https://www.justwatch.com/de/Film/Sympathy-for-Mr-Vengeance,
1019,843,Angst und Schrecken in Las Vegas,Fear and Loathing in Las Vegas,1998,118,Abenteuer | Komödie,USA,Terry Gilliam,Johnny Depp | Benicio del Toro | Tobey Maguire,7.5,51.000,89.000,https://www.justwatch.com/de/Film/Angst-und-Schrecken-in-Las-Vegas,
658,844,Die Ungetreue,Unfaithfully Yours,1948,105,Komödie | Thriller,USA,Preston Sturges,Rex Harrison | Linda Darnell | Rudy Vallée,7.4,100.000,85.000,,
659,845,Der Wolfsjunge,L’Enfant sauvage,1970,81,Biografie | Drama,FRA,François Truffaut,Jean-Pierre Cargol | François Truffaut | Françoise Seigner,7.4,100.000,81.000,https://www.justwatch.com/de/Film/der-wolfsjunge,
660,846,The Wailing – Die Besessenen,곡성 / Gokseong,2016,156,Drama | Horror,KOR,Na Hong-jin,Kwak Do-won | Hwang Jung-min | Jun Kunimura,7.4,99.000,82.000,https://www.justwatch.com/de/Film/The-Wailing,
661,847,Lady Bird,,2017,94,Drama | Komödie,USA,Greta Gerwig,Saoirse Ronan | Laurie Metcalf | Tracy Letts,7.4,99.000,79.000,https://www.justwatch.com/de/Film/Lady-Bird,
1093,848,Ein einfacher Unfall,یک تصادف ساده / Yek tasadef sadeh,2025,105,Drama | Thriller,FRA | IRN | LUX,Jafar Panahi,Vahid Mobasseri | Ebrahim Azizi | Mariam Afshari,7.4,98.000,93.000,https://www.justwatch.com/de/Film/it-was-just-an-accident,
662,849,Minari - Wo wir Wurzeln schlagen,미나리 / Minari,2020,115,Drama | Drama,USA,Lee Isaac Chung,Steven Yeun | Han Ye-ri | Youn Yuh-jung,7.4,98.000,92.000,https://www.justwatch.com/de/Film/Minari,
663,850,Das süße Jenseits,The Sweet Hereafter,1997,107,Drama | Tragödie,CAN,Atom Egoyan,Ian Holm | Sarah Polley | Bruce Greenwood,7.4,98.000,86.000,https://www.justwatch.com/de/Film/Das-suesse-Jenseits,
1102,851,Das süße Jenseits,The Sweet Hereafter,1997,112,Drama | Tragödie,CAN,Atom Egoyan,Ian Holm | Sarah Polley | Bruce Greenwood,7.4,98.000,86.000,https://www.justwatch.com/de/Film/Das-suesse-Jenseits,
664,852,Bullitt,,1968,113,Action | Krimi,USA,Peter Yates,Steve McQueen | Robert Vaughn | Jacqueline Bisset,7.4,98.000,85.000,https://www.justwatch.com/de/Film/Bullitt,
1285,853,The Secret Agent,O Agente Secreto,2025,160,Drama | Thriller,BRA | FRA | GER | NED,Kleber Mendonça Filho,Wagner Moura | Maria Fernanda Cândido | Gabriel Leone,7.4,98.000,83.000,https://www.justwatch.com/de/Film/the-secret-agent-2025,
1256,854,Vampyr – Der Traum des Allan Gray,Vampyr,1932,73,Fantasy | Horror,FRA | GER,Carl Theodor Dreyer,Julian West | Maurice Schutz | Rena Mandel,7.4,98.000,82.000,https://www.justwatch.com/de/Film/Vampyr-Der-Traum-des-Allan-Grey,
1299,855,Moonlight,,2016,111,Coming-of-Age | Drama,USA,Barry Jenkins,Trevante Rhodes | Ashton Sanders | Alex R. Hibbert,7.4,98.000,78.000,https://www.justwatch.com/de/Film/Moonlight,
1170,856,Maria voll der Gnade,"Maria, llena eres de gracia",2004,101,Drama | Krimi,COL | USA,Joshua Marston,Catalina Sandino Moreno | Guilied Lopez | Yenny Paola,7.4,97.000,87.000,https://www.justwatch.com/de/Film/Maria-voll-der-Gnade,
665,857,The Rider,,2017,105,Drama | Western,USA,Chloé Zhao,Brady Jandreau | Tim Jandreau | Lilly Jandreau,7.4,97.000,82.000,https://www.justwatch.com/de/Film/The-Rider,
666,858,Mud - Kein Ausweg,MUD,2012,130,Abenteuer | Drama,USA,Jeff Nichols,Matthew McConaughey | Tye Sheridan | Jacob Lofland,7.4,97.000,80.000,https://www.justwatch.com/de/Film/Mud-Kein-Ausweg,
1036,859,Judas and the Black Messiah,,2021,126,Biografie | Drama,CAN | USA,Shaka King,Daniel Kaluuya | LaKeith Stanfield | Jesse Plemons,7.4,96.000,95.000,https://www.justwatch.com/de/Film/Judas-and-the-Black-Messiah,
1288,860,Masculin – Feminin oder: Die Kinder von Marx und Coca-Cola,Masculin féminin: 15 faits précis,1966,103,Drama | Romanze,FRA | SWE,Jean-Luc Godard,Chantal Goya | Jean‑Pierre Léaud | Marlène Jobert,7.4,96.000,86.000,https://www.justwatch.com/de/Film/Masculin-Feminin-oder-Die-Kinder-von-Marx-und-Coca-Cola,
667,861,Son of Saul,Saul fia,2015,107,Drama | Krieg,HUN,László Nemes,Géza Röhrig | Levente Molnár | Urs Rechn,7.4,96.000,79.000,https://www.justwatch.com/de/Film/Saul-fia,
668,862,Der Junge mit dem Fahrrad,Le gamin au vélo,2011,87,Drama | Drama,BEL | FRA | ITA,"Jean-Pierre Dardenne, Luc Dardenne",Thomas Doret | Cécile de France | Jérémie Renier,7.4,96.000,77.000,https://www.justwatch.com/de/Film/Der-Junge-mit-dem-Fahrrad,
1149,863,Mission: Impossible – Rogue Nation,,2015,131,Action | Thriller,USA,Christopher McQuarrie,Tom Cruise | Rebecca Ferguson | Simon Pegg,7.4,94.000,87.000,https://www.justwatch.com/de/Film/Mission-Impossible-5-Rogue-Nation,
669,864,American Splendor,,2003,101,Drama | Komödie,USA,"Robert Pulcini, Shari Springer Berman",Paul Giamatti | Hope Davis | Judah Friedlander,7.4,94.000,86.000,https://www.justwatch.com/de/Film/american-splendor,
1049,865,Ein Fremder ohne Namen,High Plains Drifter,1973,105,Drama | Western,USA,Clint Eastwood,Clint Eastwood | Verna Bloom | Marianna Hill,7.4,94.000,86.000,https://www.justwatch.com/de/Film/Ein-Fremder-ohne-Namen,
670,866,Nightmare - Mörderische Träume,A Nightmare on Elm Street,1984,91,Horror | Thriller,USA,Wes Craven,Heather Langenkamp | Robert Englund | Johnny Depp,7.4,94.000,84.000,https://www.justwatch.com/de/Film/Nightmare-on-Elm-Street-Moerderische-Traeume,
671,867,Nosferatu - Phantom der Nacht,,1979,107,Drama | Horror,FRA | GER,Werner Herzog,Klaus Kinski | Isabelle Adjani | Bruno Ganz,7.4,94.000,83.000,https://www.justwatch.com/de/Film/Nosferatu-Phantom-der-Nacht,
672,868,Der einzige Zeuge,Witness,1985,112,Drama | Krimi,USA,Peter Weir,Harrison Ford | Kelly McGillis | Lukas Haas,7.4,94.000,80.000,https://www.justwatch.com/de/Film/Der-einzige-Zeuge,
673,869,Carrie – Des Satans jüngste Tochter,Carrie,1976,98,Horror | Thriller,USA,Brian de Palma,Sissy Spacek | Piper Laurie | Amy Irving,7.4,94.000,77.000,https://www.justwatch.com/de/Film/Carrie-Des-Satans-juengste-Tochter,
1133,870,Air - Der große Wurf,Air,2023,112,Drama | Sport,USA,Ben Affleck,Matt Damon | Ben Affleck | Jason Bateman,7.4,93.000,97.000,https://www.justwatch.com/de/Film/air-2023,
674,871,City Wolf,英雄本色 / Ying Hong Boon Sik,1986,95,Action | Krimi,HKG,John Woo,Ti Lung | Chow Yun-Fat | Leslie Cheung,7.4,93.000,89.000,https://www.justwatch.com/de/Film/city-wolf,
675,872,Konklave,Conclave,2024,121,Drama | Thriller,UK | USA,Edward Berger,Ralph Fiennes | Stanley Tucci | John Lithgow,7.4,93.000,86.000,https://www.justwatch.com/de/Film/konklave,
1013,873,Looper,,2012,119,Action | Sci-Fi,CHN | USA,Rian Johnson,Joseph Gordon-Levitt | Bruce Willis | Emily Blunt,7.4,93.000,82.000,https://www.justwatch.com/de/Film/Looper,
1059,874,Die Körperfresser kommen,Invasion of the Body Snatchers,1978,115,Horror | Sci-Fi,USA,Philip Kaufman,Donald Sutherland | Brooke Adams | Jeff Goldblum,7.4,93.000,82.000,https://www.justwatch.com/de/Film/Die-Koerperfresser-kommen,
1230,875,Die Verachtung,Le Mépris,1963,103,Drama | Romanze,FRA | ITA,Jean-Luc Godard,Brigitte Bardot | Michel Piccoli | Jack Palance,7.4,92.000,85.000,https://www.justwatch.com/de/Film/Die-Verachtung,
676,876,Frances Ha,,2012,86,Drama | Komödie,USA,Noah Baumbach,Greta Gerwig | Mickey Sumner | Michael Zegen,7.4,92.000,78.000,https://www.justwatch.com/de/Film/Frances-Ha,
677,877,Inside Llewyn Davis,,2013,105,Drama | Komödie,FRA | UK | USA,"Joel Coen, Ethan Coen",Oscar Isaac | Carey Mulligan | John Goodman,7.4,92.000,74.000,https://www.justwatch.com/de/Film/Inside-Llewyn-Davis,
678,878,Vortex,,2021,142,Drama | Tragödie,BEL | FRA,Gaspar Noé,Dario Argento | Françoise Lebrun | Alex Lutz,7.4,92.000,73.000,https://www.justwatch.com/de/Film/Vortex-2021,
679,879,"Ich glaub’, mich tritt ein Pferd",National Lampoon's Animal House,1978,109,Komödie | Satire,USA,John Landis,John Belushi | Tim Matheson | Peter Riegert,7.4,91.000,89.000,https://www.justwatch.com/de/Film/Animal-House-Ich-glaub-mich-tritt-ein-Pferd,
680,880,Days of Being Wild,阿飛正傳 / Ah fei jing juen,1990,94,Drama | Romanze,HKG,Wong Kar-Wai,Leslie Cheung | Maggie Cheung | Andy Lau,7.4,91.000,88.000,https://www.justwatch.com/de/Film/Die-Biografie-des-Rowdys-Afei,
681,881,Gallipoli - An die Hölle verraten,Gallipoli,1981,111,Drama | Krieg,AUS,Peter Weir,Mel Gibson | Mark Lee | Bill Kerr,7.4,91.000,83.000,https://www.justwatch.com/de/Film/gallipoli,
682,882,Good Time,,2017,101,Krimi | Thriller,USA,"Benny Safdie,  Josh Safdie",Robert Pattinson | Benny Safdie | Buddy Duress,7.4,91.000,82.000,https://www.justwatch.com/de/Film/Good-Time,
683,883,Zero Dark Thirty,,2012,157,Drama | Thriller,USA,Kathryn Bigelow,Jessica Chastain | Jason Clarke | Reda Kateb,7.4,91.000,80.000,https://www.justwatch.com/de/Film/Zero-Dark-Thirty,
684,884,Frenzy,,1972,116,Krimi | Thriller,UK,Alfred Hitchcock,Jon Finch | Barry Foster | Alec McCowen,7.4,91.000,78.000,https://www.justwatch.com/de/Film/Frenzy,
685,885,Tár,,2022,158,Drama | Musikfilm,GER | USA,Todd Field,Cate Blanchett | Noémie Merlant | Nina Hoss,7.4,91.000,74.000,https://www.justwatch.com/de/Film/Tar,
686,886,Der seidene Faden,Phantom Thread,2017,131,Drama | Romanze,USA,Paul Thomas Anderson,Daniel Day-Lewis | Vicky Krieps | Lesley Manville,7.4,91.000,71.000,https://www.justwatch.com/de/Film/Der-seidene-Faden,
687,887,Der schwarze Diamant,Uncut Gems,2019,135,Krimi | Thriller,USA,"Benny Safdie,  Josh Safdie",Adam Sandler | Julia Fox | Idina Menzel,7.4,91.000,52.000,https://www.justwatch.com/de/Film/Der-schwarze-Diamant,
1266,888,Schießen Sie auf den Pianisten,Tirez sur le pianiste,1960,83,Drama | Krimi,FRA,François Truffaut,Charles Aznavour | Marie Dubois | Nicole Berger,7.4,90.000,88.000,https://www.justwatch.com/de/Film/Schiessen-Sie-auf-den-Pianisten,
688,889,Rosetta,,1999,93,Coming-of-Age | Drama,BEL | FRA,"Jean-Pierre Dardenne, Luc Dardenne",Émilie Dequenne | Fabrizio Rongione | Anne Yernaux,7.4,90.000,83.000,https://www.justwatch.com/de/Film/Rosetta,
689,890,REC,[REC],2007,78,Horror | Thriller,ESP,Jaume Balagueró,Manuela Velasco | Ferran Terraza | Jorge-Yamam Serrano,7.4,90.000,82.000,https://www.justwatch.com/de/Film/REC-Ein-Albtraum-aus-Blut-Angst-und-Terror,
690,891,"Borat – Kulturelle Lernung von Amerika, um Benefiz für glorreiche Nation von Kasachstan zu machen",Borat: Cultural Learnings of America for Make Benefit Glorious Nation of Kazakhstan,2006,84,Komödie | Mockumentary,UK | USA,Larry Charles,Sacha Baron Cohen | Ken Davitian | Luenell Campbell,7.4,90.000,79.000,https://www.justwatch.com/de/Film/Borat-Kulturelle-Lernung-von-Amerika-um-Benefiz-fuer-glorreiche-Nation-von-Kasachstan-zu-machen,
1214,892,Galaxy Quest - Planlos durchs Weltall,Galaxy Quest,1999,102,Komödie | Sci-Fi,USA,Dean Parisot,Tim Allen | Sigourney Weaver | Alan Rickman,7.4,90.000,79.000,https://www.justwatch.com/de/Film/Galaxy-Quest-Planlos-durchs-Weltall,
691,893,Der Leuchtturm,The Lighthouse,2019,110,Fantasy | Horror,USA,Robert Eggers,Willem Dafoe | Robert Pattinson | Valeriia Karaman,7.4,90.000,72.000,https://www.justwatch.com/de/Film/The-Lighthouse-2019,
692,894,Spider-Man,,2002,121,Action | Sci-Fi,USA,Sam Raimi,Tobey Maguire | Kirsten Dunst | Willem Dafoe,7.4,90.000,67.000,https://www.justwatch.com/de/Film/Spider-Man-1,
1004,895,Smoke - Raucher unter sich,Smoke,1995,112,Drama | Komödie,GER | JAP | USA,Wayne Wang,Harvey Keitel | William Hurt | Harold Perrineau,7.4,89.000,89.000,https://www.justwatch.com/de/Film/Smoke-Raucher-unter-sich,
693,896,Five Easy Pieces – Ein Mann sucht sich selbst,Five Easy Pieces,1970,98,Drama | Roadmovie,USA,Bob Rafelson,Jack Nicholson | Karen Black | Susan Anspach,7.4,89.000,84.000,https://www.justwatch.com/de/Film/Ein-Mann-sucht-sich-selbst,
1086,897,Crimson Tide – In tiefster Gefahr,Crimson Tide,1995,115,Drama | Thriller,USA,Tony Scott,Denzel Washington | Gene Hackman | Viggo Mortensen,7.4,89.000,84.000,https://www.justwatch.com/de/Film/Crimson-Tide-In-tiefster-Gefahr,
1040,898,Am Sonntag bist du tot,Calvary,2014,105,Drama | Komödie,IRE | UK,John Michael McDonagh,Brendan Gleeson | Chris O'Dowd | Kelly Reilly,7.4,89.000,80.000,https://www.justwatch.com/de/Film/Am-Sonntag-bist-du-tot,
694,899,Elf Uhr nachts,Pierrot le fou,1965,110,Krimi | Romanze,FRA | ITA,Jean-Luc Godard,Jean-Paul Belmondo | Anna Karina | Graziella Galvani,7.4,88.000,87.000,https://www.justwatch.com/de/Film/Elf-Uhr-nachts,
695,900,Superman,,1978,143,Action | Sci-Fi,PAN | SUI | UK | USA,Richard Donner,Christopher Reeve | Margot Kidder | Gene Hackman,7.4,88.000,86.000,https://www.justwatch.com/de/Film/Superman-Der-Film,
696,901,Beruf: Reporter,Professione: Reporter,1975,121,Drama | Thriller,ESP | FRA | ITA | USA,Michelangelo Antonioni,Jack Nicholson | Maria Schneider | Jenny Runacre,7.4,88.000,84.000,https://www.justwatch.com/de/Film/beruf-reporter,
697,902,Blow Out – Der Tod löscht alle Spuren,Blow Out,1981,108,Mystery | Thriller,USA,Brian de Palma,John Travolta | Nancy Allen | John Lithgow,7.4,88.000,81.000,https://www.justwatch.com/de/Film/Blow-Out-Der-Tod-loescht-alle-Spuren,
698,903,Der amerikanische Freund,,1977,127,Krimi | Thriller,FRA | GER,Wim Wenders,Dennis Hopper | Bruno Ganz | Lisa Kreuzer,7.4,88.000,80.000,https://www.justwatch.com/de/Film/Der-amerikanische-Freund,
1084,904,A History of Violence,,2005,95,Drama | Thriller,CAN | GER | USA,David Cronenberg,Viggo Mortensen | Maria Bello | Ed Harris,7.4,88.000,76.000,https://www.justwatch.com/de/Film/A-History-of-Violence,
699,905,Zatoichi – Der blinde Samurai,座頭市 / Zatōichi,2003,116,Action | Komödie,JAP,Takeshi Kitano,Takeshi Kitano | Tadanobu Asano | Michiyo Okusu,7.4,87.000,88.000,https://www.justwatch.com/de/Film/Zatoichi-Der-blinde-Samurai,
700,906,Blow-Up,Blowup,1966,111,Mystery | Thriller,ITA | UK,Michelangelo Antonioni,David Hemmings | Vanessa Redgrave | Sarah Miles,7.4,87.000,84.000,https://www.justwatch.com/de/Film/BlowUp-Ekstaze-67,
1035,907,Bugonia,,2025,118,Komödie | Sci-Fi,IRE | KOR | UK | USA,Yorgos Lanthimos,Emma Stone | Jesse Plemons | Aidan Delbis,7.4,87.000,84.000,https://www.justwatch.com/de/Film/bugonia,
1229,908,Die Drei Tage des Condors,Three Days of the Condor,1975,117,Krimi | Thriller,USA,Sydney Pollack,Robert Redford | Faye Dunaway | Cliff Robertson,7.4,87.000,83.000,https://www.justwatch.com/de/Film/Die-drei-Tage-des-Condor,
1045,909,Garden State,,2004,109,Komödie | Romanze,USA,Zach Braff,Zach Braff | Natalie Portman | Peter Sarsgaard,7.4,86.000,88.000,https://www.justwatch.com/de/Film/Garden-State,
701,910,Tanz der Teufel,The Evil Dead,1981,70,Action | Horror,USA,Sam Raimi,Bruce Campbell | Ellen Sandweiss | Hal Delrich,7.4,86.000,84.000,https://www.justwatch.com/de/Film/Tanz-der-Teufel,
1213,911,Der englische Patient,The English Patient,1996,162,Drama | Romanze,UK | USA,Anthony Minghella,Ralph Fiennes | Juliette Binoche | Kristin Scott Thomas,7.4,86.000,83.000,https://www.justwatch.com/de/Film/The-English-Patient,
702,912,Toto der Held,Toto le héros,1991,91,Fantasy | Komödie,BEL | FRA | GER,Jaco Van Dormael,Michael Bouquet | Jo De Backer | Thomas Godet,7.4,85.000,92.000,https://www.justwatch.com/de/Film/Toto-der-Held,
703,913,X-Men 2,X2: X-Men United,2003,134,Action | Sci-Fi,CAN | USA,Bryan Singer,Hugh Jackman | Patrick Stewart | Ian McKellen,7.4,85.000,85.000,https://www.justwatch.com/de/Film/X-Men-2,
1281,914,Vive l’Amour – Es lebe die Liebe,愛情萬歲 / Àiqíng wànsuì,1994,118,Drama | Komödie,TWN,Tsai Ming-liang,Yang Kuei-mei | Lee Kang-sheng | Chen Chao-jung,7.4,85.000,81.000,https://www.justwatch.com/de/Film/The-English-Patient,
704,915,Die Blechtrommel,,1979,142,Drama | Krieg,FRA | GER,Volker Schlöndorff,David Bennent | Mario Adorf | Angela Winkler,7.4,84.000,83.000,https://www.justwatch.com/de/Film/Die-Blechtrommel,
705,916,Blutgericht in Texas,The Texas Chain Saw Massacre,1974,83,Horror | Thriller,USA,Tobe Hooper,Marilyn Burns | Paul A. Partain | Gunnar Hansen,7.4,84.000,82.000,https://www.justwatch.com/de/Film/The-Texas-Chainsaw-Massacre-Blutgericht-in-Texas,
706,917,Das Kind,L’Enfant,2005,95,Drama | Krimi,BEL | FRA,"Jean-Pierre Dardenne, Luc Dardenne",Jérémie Renier | Déborah François | Jérémie Segard,7.4,84.000,72.000,https://www.justwatch.com/de/Film/Das-Kind-2005,
1109,918,Nobody,,2021,92,Action | Thriller,USA,Ilya Naishuller,Bob Odenkirk | Connie Nielsen | Aleksei Serebryakov,7.4,83.000,94.000,https://www.justwatch.com/de/Film/Nobody-2021,
707,919,Der Partyschreck,The Party,1968,94,Komödie | Satire,USA,Blake Edwards,Peter Sellers | Claudine Longet | Steve Franken,7.4,83.000,88.000,https://www.justwatch.com/de/Film/Der-Partyschreck,
708,920,Following,,1998,70,Krimi | Mystery,UK,Christopher Nolan,Jeremy Theobald | Alex Haw | Lucy Russell,7.4,83.000,85.000,https://www.justwatch.com/de/Film/Following,
1067,921,Ganz weit hinten,"The Way, Way Back",2013,104,Drama | Komödie,USA,"Jim Rash, Nat Faxon",Liam James | Sam Rockwell | Steve Carell,7.4,83.000,84.000,https://www.justwatch.com/de/Film/Ganz-weit-hinten,
1269,922,Ein verborgenes Leben,A Hidden Life,2019,173,Drama | Krieg,GER | USA,Terrence Malick,August Diehl | Valerie Pachner | Matthias Schoenaerts,7.4,82.000,72.000,https://www.justwatch.com/de/Film/Radegund,
1196,923,Mid90s,,2018,85,Drama | Komödie,USA,Jonah Hill,Sunny Suljic | Lucas Hedges | Katherine Waterston,7.4,81.000,81.000,https://www.justwatch.com/de/Film/Mid90s,
709,924,Der Einzelgänger,Thief,1981,122,Drama | Krimi,USA,Michael Mann,James Caan | Tuesday Weld | Willie Nelson,7.4,80.000,81.000,https://www.justwatch.com/de/Film/Der-Einzelgaenger-1981,
710,925,Zurück in die Zukunft III,Back to the Future Part III,1990,118,Komödie | Sci-Fi,USA,Robert Zemeckis,Michael J. Fox | Christopher Llyod | Mary Steenburgen,7.4,79.000,78.000,https://www.justwatch.com/de/Film/Zurueck-in-die-Zukunft-III,
711,926,Scream – Schrei!,Scream,1996,111,Horror | Komödie,USA,Wes Craven,Neve Campbell | Courteney Cox | David Arquette,7.4,78.000,80.000,https://www.justwatch.com/de/Film/Scream-Schrei-des-Todes,
712,927,Die Duellisten,The Duellists,1977,100,Drama | Krieg,UK,Ridley Scott,Keith Carradine | Harvey Keitel | Albert Finney,7.4,74.000,83.000,https://www.justwatch.com/de/Film/Die-Duellisten,
713,928,Triangle of Sadness,,2022,147,Drama | Komödie,FRA | GER | SWE | UK,Ruben Östlund,Harris Dickinson | Charlbi Dean | Dolly de Leon,7.4,72.000,80.000,https://www.justwatch.com/de/Film/Triangle-of-Sadness,
1172,929,Ready Player One,,2018,140,Abenteuer | Sci-Fi,USA,Steven Spielberg,Tye Sheridan | Olivia Cooke | Ben Mendelsohn,7.4,71.000,77.000,https://www.justwatch.com/de/Film/Ready-Player-One,
714,930,Der Knochenmann,,2009,121,Komödie | Krimi,AUT,Wolfgang Murnberger,Josef Hader | Birgit Minichmayr | Josef Bierbichler,7.4,70.000,79.000,https://www.justwatch.com/de/Film/Der-Knochenmann,
715,931,Six Shooter,,2004,27,Drama | Komödie,IRE | UK,Martin McDonagh,Brendan Gleeson | Rúaidhrí Conroy | David Wilmot,7.4,70.000,70.000,https://www.justwatch.com/de/Film/Radegund,
716,932,Bram Stoker's Dracula,Dracula,1992,128,Drama | Horror,USA,Francis Ford Coppola,Gary Oldman | Winona Ryder | Anthony Hopkins,7.4,69.000,79.000,https://www.justwatch.com/de/Film/Bram-Stokers-Dracula,
717,933,Mann beißt Hund,C’est arrivé près de chez vous,1992,95,Komödie | Mockumentary,BEL,"André Bonzel, Benoît Poelvoorde, Rémy Belvaux",Benoît Poelvoorde | Rémy Belvaux | André Bonzel,7.4,68.000,90.000,https://www.justwatch.com/de/Film/Mann-beisst-Hund,
718,934,Armee der Finsternis,Army of Darkness,1992,85,Horror | Komödie,USA,Sam Raimi,Bruce Campbell | Embeth Davidtz | Marcus Gilbert,7.4,68.000,87.000,https://www.justwatch.com/de/Film/Armee-der-Finsternis,
719,935,The Rock – Fels der Entscheidung,The Rock,1996,136,Action | Thriller,USA,Michael Bay,Sean Connery | Nicolas Cage | Ed Harris,7.4,67.000,85.000,https://www.justwatch.com/de/Film/The-Rock-Fels-der-Entscheidung,
720,936,Biutiful,,2010,148,Drama | Romanze,ESP | MEX,Alejandro G. Iñárritu,Javier Bardem | Maricel Álvarez | Hanaa Bouchaib,7.4,66.000,75.000,https://www.justwatch.com/de/Film/Biutiful,
721,937,Cloud Atlas,,2012,172,Drama | Sci-Fi,GER | UK | USA,"Lana Wachowski, Lilly Wachowski",Tom Hanks | Halle Berry | Jim Broadbent,7.4,66.000,66.000,https://www.justwatch.com/de/Film/Cloud-Atlas-Der-Wolkenatlas,
722,938,Mission,The Mission,1986,125,Abenteuer | Drama,UK | USA,Roland Joffé,Robert de Niro | Jeremy Irons | Ray McAnally,7.4,63.000,87.000,https://www.justwatch.com/de/Film/Mission,
1190,939,Der Hobbit: Die Schlacht der Fünf Heere,The Hobbit: The Battle of the Five Armies,2014,144,Abenteuer | Fantasy,NZL | USA,Peter Jackson,Martin Freeman | Ian McKellen | Richard Armitage,7.4,59.000,74.000,https://www.justwatch.com/de/Film/Der-Hobbit-Die-Schlacht-der-Fuenf-Heere,
723,940,Bad Boy Bubby,,1993,114,Komödie | Krimi,AUS,Rolf de Heer,Nicholas Hope | Claire Benito | Ralph Cotterill,7.3,100.000,88.000,https://www.justwatch.com/de/Film/bad-boy-bubby,
1298,941,Mein Name ist Nobody,Il mio nome è Nessuno,1973,116,Komödie | Western,FRA | GER | ITA,Tonino Valerii,Terence Hill | Henry Fonda | Jean Martin,7.3,100.000,83.000,https://www.justwatch.com/de/Film/Mein-Name-ist-Nobody,
724,942,Fünf Gräber bis Kairo,,1943,96,Krieg | Thiller,USA,Billy Wilder,Franchot Tone | Anne Baxter | Erich von Stroheim,7.3,100.000,80.000,https://www.justwatch.com/de/Film/Fuenf-Graeber-bis-Kairo,
1165,943,Mauern der Gewalt,Starred Up,2013,106,Drama | Thriller,UK,David Mackenzie,Jack O'Connell | Ben Mendelsohn | Rupert Friend,7.3,99.000,84.000,https://www.justwatch.com/de/Film/Mauern-der-Gewalt,
1168,944,James Bond 007 - Liebesgrüße aus Moskau,From Russia with Love,1963,115,Action | Thriller,UK,Terence Young,Sean Connery | Daniela Bianchi | Pedro Armendáriz,7.3,97.000,84.000,https://www.justwatch.com/de/Film/James-Bond-007-Liebesgruesse-aus-Moskau,
725,945,Fallende Blätter,Kuolleet lehdet,2023,81,Komödie | Romanze,FIN,Aki Kaurismäki,Alma Pöysti | Jussi Vatanen | Janne Hyytiäinen,7.3,97.000,62.000,https://www.justwatch.com/de/Film/fallen-leaves,
726,946,Gods and Monsters,,1998,105,Biografie | Drama,UK | USA,Bill Condon,Ian McKellen | Brendan Fraser | Lynn Redgrave,7.3,96.000,82.000,https://www.justwatch.com/de/Film/Gods-and-Monsters,
727,947,Assault – Anschlag bei Nacht,Assault on Precinct 13,1976,91,Action | Thriller,USA,John Carpenter,Austin Stoker | Darwin Joston | Laurie Zimmer,7.3,96.000,80.000,https://www.justwatch.com/de/Film/Das-Ende,
728,948,Black Panther,,2018,134,Abenteuer | Action,USA,Ryan Coogler,Chadwick Boseman | Michael B. Jordan | Lupita Nyong’o,7.3,96.000,79.000,https://www.justwatch.com/de/Film/Black-Panther,
729,949,Auszeit,L’Emploi du temps,2001,134,Drama | Drama,FRA,Laurent Cantet,Aurélien Recoing | Karin Viard | Serge Livrozet,7.3,95.000,80.000,https://www.justwatch.com/de/Film/Auszeit,
730,950,Speed,,1994,116,Action | Thriller,USA,Jan de Bont,Keanu Reeves | Sandra Bullock | Dennis Hopper,7.3,95.000,77.000,https://www.justwatch.com/de/Film/Speed-1994,
731,951,La chimera,,2023,130,Drama | Komödie,FRA | ITA | SUI,Alice Rohrwacher,Josh O'Connor | Carol Duarte | Isabella Rossellini,7.3,95.000,73.000,https://www.justwatch.com/de/Film/la-chimera,
732,952,Hustle,,2022,117,Drama | Sport,USA,Jeremiah Zagar,Adam Sandler | Queen Latifah | Juancho Hernangómez,7.3,94.000,93.000,https://www.justwatch.com/de/Film/Hustle-2022,
733,953,Die Frau im Nebel,헤어질 결심 / Haeojil gyeolsim,2022,138,Mystery | Romanze,KOR,Park Chan-wook,Tang Wei | Park Hae-il | Lee Jung-hyun,7.3,94.000,85.000,https://www.justwatch.com/de/Film/Decision-to-Leave,
734,954,Suspiria - In den Krallen des Bösen,Suspiria,1977,95,Horror | Mystery,ITA,Dario Argento,Jessica Harper | Stefania Casini | Alida Valli,7.3,94.000,83.000,https://www.justwatch.com/de/Film/Suspiria-In-den-Krallen-des-Boesen,
735,955,Pale Rider – Der namenlose Reiter,Pale Rider,1985,116,Drama | Western,USA,Clint Eastwood,Clint Eastwood | Michael Moriarty | Carrie Snodgress,7.3,94.000,83.000,https://www.justwatch.com/de/Film/Pale-Rider-Der-namenlose-Reiter,
736,956,The Guard – Ein Ire sieht schwarz,The Guard,2011,96,Komödie | Krimi,IRE | UK,John Michael McDonagh,Brendan Gleeson | Don Cheadle | Mark Strong,7.3,94.000,81.000,https://www.justwatch.com/de/Film/The-Guard-Ein-Ire-sieht-schwarz,
1026,957,"Come on, Come on",C’mon C’mon,2021,114,Drama | Drama,USA,Mike Mills,Joaquin Phoenix | Woody Norman | Gaby Hoffmann,7.3,94.000,77.000,https://www.justwatch.com/de/Film/Cmon-Cmon,
737,958,The Zone of Interest,,2023,105,Drama | Krieg,POL | UK | USA,Jonathan Glazer,Christian Friedel | Sandra Hüller | Johann Karthaus,7.3,93.000,97.000,https://www.justwatch.com/de/Film/the-zone-of-interest,
738,959,Ghost World,,2001,112,Drama | Komödie,GER | UK | USA,Terry Zwigoff,Thora Birch | Scarlett Johansson | Steve Buscemi,7.3,93.000,84.000,https://www.justwatch.com/de/Film/Ghost-World,
1286,960,Bacurau,,2019,131,Thriller | Western,BRA | FRA,Kleber Mendonça Filho,Sônia Braga | Udo Kier | Bárbara Colen,7.3,93.000,84.000,https://www.justwatch.com/de/Film/Bacurau,
739,961,Nomadland,,2020,108,Drama | Tragödie,USA,Chloé Zhao,Frances McDormand | David Strathairn | Linda May,7.3,93.000,82.000,https://www.justwatch.com/de/Film/Nomadland,
740,962,Im Körper des Feindes,Face/Off,1997,138,Action | Sci-Fi,USA,John Woo,John Travolta | Nicolas Cage | Joan Allen,7.3,93.000,82.000,https://www.justwatch.com/de/Film/Im-Koerper-des-Feindes,
1272,963,Die Blumen von Shanghai,海上花 / Hǎishànghuā,1998,125,Drama | Drama,JAP | TWN,Hou Hsiao-hsien,Tony Leung Chiu-wai | Michiko Hada | Michelle Reis,7.3,93.000,78.000,,
741,964,Toni Erdmann,,2016,162,Drama | Komödie,AUT | GER,Maren Ade,Peter Simonischek | Sandra Hüller | Michael Wittenborn,7.3,93.000,73.000,https://www.justwatch.com/de/Film/Toni-Erdmann,
1135,965,Shang-Chi and the Legend of the Ten Rings,,2021,132,Action | Fantasy,USA,Destin Daniel Cretton,Simu Liu | Awkwafina | Tony Leung Chiu-wai,7.3,92.000,98.000,https://www.justwatch.com/de/Film/Shang-Chi-and-the-Legend-of-the-Ten-Rings,
1070,966,Take Shelter – Ein Sturm zieht auf,Take Shelter,2011,125,Mystery | Thriller,USA,Jeff Nichols,Michael Shannon | Jessica Chastain | Tova Stewart,7.3,92.000,81.000,https://www.justwatch.com/de/Film/Take-Shelter-Ein-Sturm-zieht-auf,
742,967,Shape of Water – Das Flüstern des Wassers,The Shape of Water,2017,123,Drama | Fantasy,USA,Guillermo del Toro,Sally Hawkins | Michael Shannon | Octavia Spencer,7.3,92.000,73.000,https://www.justwatch.com/de/Film/The-Shape-of-Water,
743,968,Arizona Junior,Raising Arizona,1987,94,Komödie | Krimi,USA,"Joel Coen, Ethan Coen",Nicolas Cage | Holly Hunter | John Goodman,7.3,91.000,85.000,https://www.justwatch.com/de/Film/Arizona-Junior,
744,969,Der Tintenfisch und der Wal,The Squid and the Whale,2005,81,Drama | Komödie,USA,Noah Baumbach,Jeff Daniels | Laura Linney | Jesse Eisenberg,7.3,91.000,81.000,https://www.justwatch.com/de/Film/Der-Tintenfisch-und-der-Wal,
745,970,"Verdammt, die Zombies kommen",The Return of the Living Dead,1985,86,Horror | Komödie,USA,Dan O'Bannon,Clu Gulager | James Karen | Don Calfa,7.3,91.000,80.000,https://www.justwatch.com/de/Film/The-Return-of-the-Living-Dead,
746,971,Men in Black,,1997,98,Komödie | Sci-Fi,USA,Barry Sonnenfeld,Will Smith | Tommy Lee Jones | Linda Fiorentino,7.3,91.000,80.000,https://www.justwatch.com/de/Film/Men-in-Black,
747,972,Fish Tank,,2009,123,Coming-of-Age | Drama,UK,Andrea Arnold,Katie Jarvis | Michael Fassbender | Kierston Wareing,7.3,91.000,79.000,https://www.justwatch.com/de/Film/Fish-Tank,
1193,973,The Disaster Artist,,2017,103,Drama | Komödie,USA,James Franco,James Franco | Dave Franco | Seth Rogen,7.3,90.000,85.000,https://www.justwatch.com/de/Film/The-Disaster-Artist,
748,974,Reds – Ein Mann kämpft für Gerechtigkeit,Reds,1981,195,Drama | Romanze,USA,Warren Beatty,Warren Beatty | Diane Keaton | Jack Nicholson,7.3,90.000,82.000,https://www.justwatch.com/de/Film/Reds,
749,975,Hereditary - Das Vermächtnis,Hereditary,2018,128,Horror | Mystery,USA,Ari Aster,Toni Collette | Alex Wolff | Milly Shapiro,7.3,90.000,71.000,https://www.justwatch.com/de/Film/Hereditary,
750,976,Nikita,,1990,117,Action | Thriller,FRA | ITA,Luc Besson,Anne Parillaud | Marc Duret | Patrick Fontana,7.3,89.000,84.000,https://www.justwatch.com/de/Film/Nikita,
751,977,Capote,,2005,114,Drama | Krimi,CAN | USA,Bennett Miller,Philip Seymour Hoffman | Catherine Keener | Clifton Collins Jr.,7.3,89.000,82.000,https://www.justwatch.com/de/Film/Capote,
752,978,Lincoln,,2012,150,Biografie | Drama,USA,Steven Spielberg,Daniel Day-Lewis | Sally Field | David Strathairn,7.3,89.000,80.000,https://www.justwatch.com/de/Film/Lincoln,
753,979,Red Cliff,赤壁 / Chìbì,2008,146,Action | Krieg,CHN | HKG | JAP | KOR | TWN | USA,John Woo,Tony Leung Chiu-wai | Takeshi Kaneshiro | Zhang Fengyi,7.3,89.000,78.000,https://www.justwatch.com/de/Film/Red-Cliff,
754,980,Caché,,2005,115,Drama | Thriller,FRA,Michael Haneke,Daniel Auteuil | Juliette Binoche | Maurice Bénichou,7.3,89.000,78.000,https://www.justwatch.com/de/Film/Cache-Versteckt,
755,981,Mord im Orient-Express,Murder on the Orient Express,1974,131,Krimi | Mystery,UK,Sidney Lumet,Albert Finney | Lauren Bacall | Ingrid Bergman,7.3,89.000,78.000,https://www.justwatch.com/de/Film/Mord-im-Orientexpress,
756,982,Thunderbolts*,,2025,127,Action | Drama,USA,Jake Schreier,Florence Pugh | Sebastian Stan | Julia Louis-Dreyfus,7.3,88.000,93.000,https://www.justwatch.com/de/Film/Thunderbolts,
757,983,π – System im Chaos,π,1998,84,Mystery | Thriller,USA,Darren Aronofsky,Sean Gullette | Mark Margolis | Ben Shenkman,7.3,88.000,85.000,https://www.justwatch.com/de/Film/Pi-System-im-Chaos,
758,984,Menschenfeind,Seul contre tous,1998,89,Drama | Thriller,FRA,Gaspar Noé,Philippe Nahon | Blandine Lenoir | Frankie Pain,7.3,88.000,81.000,,
759,985,Larry Flynt – Die nackte Wahrheit,The People vs. Larry Flynt,1996,130,Biografie | Drama,USA,Miloš Forman,Woody Harrelson | Courtney Love | Edward Norton,7.3,88.000,80.000,https://www.justwatch.com/de/Film/Larry-Flynt-Die-nackte-Wahrheit,
760,986,Poltergeist,,1982,114,Horror | Mystery,USA,Tobe Hooper,JoBeth Williams | Craig T. Nelson | Heather O'Rourke,7.3,88.000,79.000,https://www.justwatch.com/de/Film/Poltergeist,
761,987,The Yellow Sea,황해 / Hwanghae,2010,157,Action | Thriller,KOR,Na Hong-jin,Ha Jung-woo | Kim Yoon-seok | Jo Sung-ha,7.3,88.000,78.000,https://www.justwatch.com/de/Film/The-Yellow-Sea,
762,988,Sexy Beast,,2000,85,Komödie | Krimi,ESP | UK,Jonathan Glazer,Ray Winstone | Ben Kingsley | Ian McShane,7.3,87.000,85.000,https://www.justwatch.com/de/Film/Sexy-Beast,
763,989,Eraserhead,,1977,89,Fantasy | Horror,USA,David Lynch,Jack Nance | Charlotte Stewart | Allen Joseph,7.3,87.000,82.000,https://www.justwatch.com/de/Film/Eraserhead,
764,990,Okja,옥자 / Okja,2017,120,Abenteuer | Action,KOR | USA,Bong Joon-Ho,Ahn Seo-hyun | Tilda Swinton | Paul Dano,7.3,87.000,81.000,https://www.justwatch.com/de/Film/Okja,
765,991,Der Fremdenlegionär,Beau Travail,1999,92,Drama | Krieg,FRA,Claire Denis,Denis Lavant | Michel Subor | Grégoire Colin,7.3,87.000,77.000,https://www.justwatch.com/de/Film/Der-Fremdenlegionaer,
1197,992,The Proposition - Tödliches Angebot,The Proposition,2005,104,Drama | Western,AUS | UK,John Hillcoat,Guy Pearce | Ray Winstone | Danny Huston,7.3,86.000,85.000,https://www.justwatch.com/de/Film/The-Proposition-Toedliches-Angebot,
766,993,Der Eissturm,The Ice Storm,1997,112,Drama | Tragödie,USA,Ang Lee,Kevin Kline | Joan Allen | Sigourney Weaver,7.3,86.000,82.000,https://www.justwatch.com/de/Film/Der-Eissturm,
767,994,MASH,,1970,116,Komödie | Krieg,USA,Robert Altman,Donald Sutherland | Elliott Gould | Tom Skerritt,7.3,86.000,82.000,https://www.justwatch.com/de/Film/M-A-S-H,
768,995,Sweeney Todd – Der teuflische Barbier aus der Fleet Street,Sweeney Todd: The Demon Barber of Fleet Street,2007,116,Horror | Musical,UK | USA,Tim Burton,Johnny Depp | Helena Bonham Carter | Alan Rickman,7.3,86.000,81.000,https://www.justwatch.com/de/Film/Sweeney-Todd-Der-teuflische-Barbier-aus-der-Fleet-Street,
769,996,Kuß der Spinnenfrau,O Beijo da Mulher Aranha,1985,124,Drama | Romanze,BRA | USA,Héctor Babenco,William Hurt | Raul Julia | Sônia Braga,7.3,86.000,81.000,https://www.justwatch.com/de/Film/Kuss-der-Spinnenfrau,
770,997,Die Götter müssen verrückt sein,The Gods Must Be Crazy,1980,109,Abenteuer | Komödie,RSA,Jamie Uys,N!xau | Marius Weyers | Sandra Prinsloo,7.3,85.000,84.000,https://www.justwatch.com/de/Film/Die-Goetter-muessen-verrueckt-sein,
771,998,Das Zimmer meines Sohnes,La stanza del figlio,2001,99,Drama | Drama,FRA | ITA,Nanni Moretti,Nanni Moretti | Laura Morante | Jasmine Trinca,7.3,85.000,81.000,https://www.justwatch.com/de/Film/Das-Zimmer-meines-Sohnes,
772,999,Der Baader Meinhof Komplex,,2008,150,Drama | Krimi,CZE | GER | FRA,Uli Edel,Moritz Bleibtreu | Martina Gedeck | Johanna Wokalek,7.3,85.000,80.000,https://www.justwatch.com/de/Film/Der-Baader-Meinhof-Komplex,
1282,1000,What Time Is It There?,你那邊幾點 / Nǐ nà biān jǐ diǎn,2001,116,Drama | Romanze,FRA | TWN,Tsai Ming-liang,Lee Kang-sheng | Chen Shiang-chyi | Lu Yi-ching,7.3,85.000,79.000,,
773,1001,Die unendliche Geschichte,,1984,95,Abenteuer | Fantasy,GER | USA,Wolfgang Petersen,Noah Hathaway | Barret Oliver | Tami Stronach,7.3,84.000,81.000,https://www.justwatch.com/de/Film/Die-unendliche-Geschichte,
774,1002,Pusher,,1996,110,Krimi | Thriller,DEN,Nicolas Winding Refn,Kim Bodnia | Zlatko Burić | Laura Drasbæk,7.3,83.000,85.000,https://www.justwatch.com/de/Film/Pusher,
775,1003,Der ewige Gärtner,The Constant Gardener,2005,129,Drama | Thriller,GER | UK,Fernando Meirelles,Ralph Fiennes | Rachel Weisz | Danny Huston,7.3,83.000,82.000,https://www.justwatch.com/de/Film/Der-ewige-Gaertner,
1120,1004,Der Mandant,The Lincoln Lawyer,2011,118,Drama | Krimi,USA,Brad Furman,Matthew McConaughey | Ryan Phillippe | Marisa Tomei,7.3,83.000,82.000,https://www.justwatch.com/de/Film/Der-Mandant,
776,1005,Der Aal,うなぎ / Unagi,1997,117,Drama | Komödie,JAP,Shōhei Imamura,Koji Yakusho | Misa Shimizu | Fujio Tokita,7.3,82.000,82.000,https://www.justwatch.com/de/Film/der-aal,
777,1006,Detroit,,2017,144,Drama | Krimi,USA,Kathryn Bigelow,John Boyega | Will Poulter | Algee Smith,7.3,82.000,79.000,https://www.justwatch.com/de/Film/Detroit,
778,1007,Brennpunkt L.A.,Lethal Weapon 2,1989,112,Action | Thriller,USA,Richard Donner,Mel Gibson | Danny Glover | Joe Pesci,7.3,82.000,78.000,https://www.justwatch.com/de/Film/Lethal-Weapon-2-Brennpunkt-L-A,
1208,1008,The Life of Chuck,,2024,111,Drama | Fantasy,USA,Mike Flanagan,Tom Hiddleston | Chiwetel Ejiofor | Karen Gillan,7.3,80.000,88.000,https://www.justwatch.com/de/Film/the-life-of-chuck,
779,1009,Der Mann aus Eisen,Człowiek z żelaza,1981,153,Drama | Drama,POL,Andrzej Wajda,Jerzy Radziwiłowicz | Krystyna Janda | Marian Opania,7.3,80.000,82.000,https://www.justwatch.com/de/Film/Der-Mann-aus-Eisen,
780,1010,Chronik der Jahre der Glut,Chronique des années de braise,1975,176,Drama | Krieg,ALG,Mohamed Lakhdar-Hamina,Yorgo Voyagis | Mohamed Lakhdar-Hamina | Leila Shenna,7.3,80.000,80.000,,
781,1011,Split,,2016,117,Horror | Thriller,USA,M. Night Shyamalan,James McAvoy | Anya Taylor-Joy | Betty Buckley,7.3,79.000,79.000,https://www.justwatch.com/de/Film/Split-2017,
782,1012,Punch-Drunk Love,,2002,95,Komödie | Romanze,USA,Paul Thomas Anderson,Adam Sandler | Emily Watson | Philip Seymour Hoffman,7.3,79.000,77.000,https://www.justwatch.com/de/Film/Punch-Drunk-Love,
1159,1013,The Place Beyond the Pines,,2012,140,Drama | Krimi,USA,Derek Cianfrance,Ryan Gosling | Bradley Cooper | Eva Mendes,7.3,79.000,75.000,https://www.justwatch.com/de/Film/The-Place-Beyond-the-Pines,
783,1014,Flight,,2012,138,Drama | Thriller,USA,Robert Zemeckis,Denzel Washington | Kelly Reilly | Don Cheadle,7.3,77.000,75.000,https://www.justwatch.com/de/Film/Flight-2012,
784,1015,Kap der Angst,Cape Fear,1991,128,Krimi | Thriller,USA,Martin Scorsese,Robert de Niro | Nick Nolte | Jessica Lange,7.3,75.000,77.000,https://www.justwatch.com/de/Film/Kap-der-Angst,
785,1016,Kleine Morde unter Freunden,Shallow Grave,1994,92,Komödie | Krimi,UK,Danny Boyle,Kerry Fox | Christopher Eccleston | Ewan McGregor,7.3,72.000,83.000,https://www.justwatch.com/de/Film/Kleine-Morde-unter-Freunden,
786,1017,Sleepy Hollow,,1999,101,Horror | Mystery,GER | USA,Tim Burton,Johnny Depp | Christina Ricci | Miranda Richardson,7.3,71.000,80.000,https://www.justwatch.com/de/Film/Sleepy-Hollow,
787,1018,In China essen sie Hunde,I Kina spiser de hunde,1999,91,Action | Komödie,DEN,Lasse Spang Olsen,Kim Bodnia | Dejan Čukić | Nikolaj Lie Kaas,7.3,70.000,90.000,https://www.justwatch.com/de/Film/In-China-essen-sie-Hunde,
788,1019,Gefährliche Brandung,Point Break,1991,122,Action | Thriller,JAP | USA,Kathryn Bigelow,Keanu Reeves | Patrick Swayze | Gary Busey,7.3,70.000,79.000,https://www.justwatch.com/de/Film/Gefaehrliche-Brandung,
789,1020,Unbreakable – Unzerbrechlich,Unbreakable,2000,106,Mystery | Thriller,USA,M. Night Shyamalan,Bruce Willis | Samuel L. Jackson | Robin Wright,7.3,70.000,77.000,https://www.justwatch.com/de/Film/Unbreakable-Unzerbrechlich,
790,1021,Tenet,,2020,150,Action | Sci-Fi,UK | USA,Christopher Nolan,John David Washington | Robert Pattinson | Elizabeth Debicki,7.3,70.000,76.000,https://www.justwatch.com/de/Film/Tenet,
791,1022,True Lies – Wahre Lügen,True Lies,1994,141,Action | Komödie,USA,James Cameron,Arnold Schwarzenegger | Jamie Lee Curtis | Tom Arnold,7.3,70.000,76.000,https://www.justwatch.com/de/Film/True-Lies-Wahre-Luegen,
792,1023,The Equalizer,,2014,132,Action | Thriller,USA,Antoine Fuqua,Denzel Washington | Marton Csokas | Chloë Grace Moretz,7.3,61.000,77.000,https://www.justwatch.com/de/Film/The-Equalizer,
793,1024,Irreversibel,Irréversible,2002,97,Drama | Thriller,FRA,Gaspar Noé,Monica Bellucci | Vincent Cassel | Albert Dupontel,7.3,59.000,80.000,https://www.justwatch.com/de/Film/Irreversibel,
794,1025,Durchgeknallt,"Girl, Interrupted",1999,122,Biografie | Drama,USA,James Mangold,Winona Ryder | Angelina Jolie | Clea DuVall,7.3,54.000,84.000,https://www.justwatch.com/de/Film/Durchgeknallt,
795,1026,Zimmer mit Aussicht,Room with a View,1985,116,Drama | Romanze,UK,James Ivory,Helena Bonham Carter | Julian Sands | Maggie Smith,7.2,100.000,85.000,https://www.justwatch.com/de/Film/Zimmer-mit-Aussicht,
1218,1027,Hanyo - Das Hausmädchen,하녀 / Hanyeo,1960,108,Drama | Thriller,KOR,Kim Ki-young,Kim Jin-kyu | Lee Eun-shim | Ju Jeung-ryu,7.2,100.000,77.000,,
796,1028,Angst,,1983,72,Horror | Thriller,AUT,Gerald Kargl,Erwin Leder | Silvia Rabenreither | Edith Rosset,7.2,100.000,73.000,https://www.justwatch.com/de/Film/angst-1983,
797,1029,Schafe töten,Killer of Sheep,1978,80,Drama | Drama,USA,Charles Burnett,Henry G. Sanders | Kaycee Moore | Charles Bracy,7.2,98.000,84.000,https://www.justwatch.com/de/Film/angst-1983,
798,1030,Ring – Das Original,リング / Ringu,1998,96,Horror | Mystery,JAP,Hideo Nakata,Nanako Matsushima | Hiroyuki Sanada | Yūko Takeuchi,7.2,98.000,81.000,https://www.justwatch.com/de/Film/Ring-Das-Original,
799,1031,Drugstore Cowboy,,1989,101,Drama | Komödie,USA,Gus Van Sant,Matt Dillon | Kelly Lynch | James Le Gros,7.2,97.000,85.000,https://www.justwatch.com/de/Film/Drugstore-Cowboy,
800,1032,"Sex, Lügen und Video","Sex, Lies, and Videotape",1989,101,Drama | Komödie,USA,Steven Soderbergh,James Spader | Andie MacDowell | Peter Gallagher,7.2,96.000,79.000,https://www.justwatch.com/de/Film/Sex-Luegen-und-Video,
801,1033,Himmlische Kreaturen,Heavenly Creatures,1994,99,Krimi | Thriller,GER | NZL | UK,Peter Jackson,Melanie Lynskey | Kate Winslet | Sarah Peirse,7.2,95.000,83.000,https://www.justwatch.com/de/Film/Himmlische-Kreaturen,
802,1034,James Bond – 007 jagt Dr. No,Dr. No,1962,109,Abenteuer | Action,UK,Terence Young,Sean Connery | Ursula Andress | Joseph Wiseman,7.2,95.000,82.000,https://www.justwatch.com/de/Film/James-Bond-007-jagt-Dr-No,
803,1035,The Crying Game,,1992,111,Krimi | Thriller,JAP | UK,Neil Jordan,Stephen Rea | Jaye Davidson | Forest Whitaker,7.2,95.000,78.000,https://www.justwatch.com/de/Film/The-Crying-Game,
1198,1036,Königreich des Verbrechens,Animal Kingdom,2010,113,Drama | Krimi,AUS,David Michôd,James Frecheville | Ben Mendelsohn | Jacki Weaver,7.2,94.000,83.000,https://www.justwatch.com/de/Film/Koenigreich-des-Verbrechens,
804,1037,Manhunter – Roter Drache,Manhunter,1986,120,Krimi | Thriller,USA,Michael Mann,William Petersen | Tom Noonan | Brian Cox,7.2,94.000,77.000,https://www.justwatch.com/de/Film/Blutmond,
805,1038,Abteil Nr. 6,Hytti nro 6,2021,112,Drama | Romanze,EST | FIN | GER | RUS,Juho Kuosmanen,Seidi Haarla | Yura Borisov | Dinara Drukarova,7.2,93.000,84.000,https://www.justwatch.com/de/Film/Hytti-nro-6,
806,1039,Hexenkessel,Mean Streets,1973,110,Drama | Krimi,USA,Martin Scorsese,Robert de Niro | Harvey Keitel | David Proval,7.2,92.000,84.000,https://www.justwatch.com/de/Film/Hexenkessel,
807,1040,Election,,1999,103,Komödie | Satire,USA,Alexander Payne,Matthew Broderick | Reese Witherspoon | Chris Klein,7.2,92.000,79.000,https://www.justwatch.com/de/Film/Election,
808,1041,Insomnia - Schlaflos,Insomnia,2002,118,Drama | Thriller,USA,Christopher Nolan,Al Pacino | Robin Williams | Hilary Swank,7.2,92.000,77.000,https://www.justwatch.com/de/Film/Insomnia-Schlaflos,
809,1042,Von Menschen und Göttern,Des hommes et des dieux,2010,122,Drama | Drama,FRA,Xavier Beauvois,Lambert Wilson | Michael Lonsdale | Olivier Rabourdin,7.2,92.000,75.000,https://www.justwatch.com/de/Film/Von-Menschen-und-Goettern,
1154,1043,American Hustle,,2013,138,Drama | Krimi,USA,David O. Russell,Christian Bale | Amy Adams | Bradley Cooper,7.2,92.000,74.000,https://www.justwatch.com/de/Film/American-Hustle,
1136,1044,Dungeons & Dragons: Ehre unter Dieben,Dungeons & Dragons: Honor Among Thieves,2023,134,Action | Fantasy,CAN | USA,"John Francis Daley, Jonathan Goldstein",Chris Pine | Michelle Rodriguez | Justice Smith,7.2,91.000,92.000,https://www.justwatch.com/de/Film/Dungeons-und-Dragons-2023,
1119,1045,10 Cloverfield Lane,,2016,103,Sci-Fi | Thriller,USA,Dan Trachtenberg,Mary Elizabeth Winstead | John Goodman | John Gallagher,7.2,91.000,79.000,https://www.justwatch.com/de/Film/10-Cloverfield-Lane,
1027,1046,Crazy Heart,,2009,112,Drama | Romanze,USA,Scott Cooper,Jeff Bridges | Maggie Gyllenhaal | Robert Duvall,7.2,90.000,76.000,https://www.justwatch.com/de/Film/Crazy-Heart,
810,1047,Michael Clayton,,2007,120,Drama | Thriller,USA,Tony Gilroy,George Clooney | Tom Wilkinson | Tilda Swinton,7.2,90.000,69.000,https://www.justwatch.com/de/Film/Michael-Clayton,
1072,1048,Coherence,,2013,89,Sci-Fi | Thriller,USA,James Ward Byrkit,Emily Baldoni | Maury Sterling | Nicholas Brendon,7.2,89.000,81.000,https://www.justwatch.com/de/Film/Coherence,
811,1049,The Ballad of Buster Scruggs,,2018,132,Komödie | Western,USA,"Joel Coen, Ethan Coen",Tim Blake Nelson | James Franco | Liam Neeson,7.2,89.000,78.000,https://www.justwatch.com/de/Film/The-Ballad-of-Buster-Scruggs,
1150,1050,Dead Zone,The Dead Zone,1983,103,Sci-Fi | Thriller,USA,David Cronenberg,Christopher Walken | Brooke Adams | Tom Skerritt,7.2,89.000,77.000,https://www.justwatch.com/de/Film/Stephen-Kings-Dead-Zone,
812,1051,The Substance,,2024,141,Horror | Komödie,FRA | UK | USA,Coralie Fargeat,Demi Moore | Margaret Qualley | Dennis Quaid,7.2,89.000,76.000,https://www.justwatch.com/de/Film/the-substance,
813,1052,Zeit der Unschuld,The Age of Innocence,1993,139,Drama | Romanze,USA,Martin Scorsese,Daniel Day-Lewis | Michelle Pfeiffer | Winona Ryder,7.2,88.000,75.000,https://www.justwatch.com/de/Film/Zeit-der-Unschuld,
1017,1053,Schlappschuss,Slap Shot,1977,123,Komödie | Sport,USA,George Roy Hill,Paul Newman | Michael Ontkean | Strother Martin,7.2,87.000,88.000,https://www.justwatch.com/de/Film/Schlappschuss,
814,1054,Arizona Dream,,1993,142,Drama | Komödie,FRA | USA,Emir Kusturica,Johnny Depp | Jerry Lewis | Faye Dunaway,7.2,87.000,86.000,https://www.justwatch.com/de/Film/Arizona-Dream,
815,1055,Dämonen und Wunder,Dheepan,2015,109,Drama | Krimi,FRA,Jacques Audiard,Antonythasan Jesuthasan | Kalieaswari Srinivasan | Claudine Vinasithamby,7.2,87.000,81.000,https://www.justwatch.com/de/Film/Dheepan,
1294,1056,Predator: Badlands,,2025,107,Action | Sci-Fi,USA,Dan Trachtenberg,Elle Fanning | Dimitrius Schuster‑Koloamatangi | Cameron Brown,7.2,86.000,95.000,https://www.justwatch.com/de/Film/predator-badlands,
1140,1057,Belfast,,2021,98,Coming-of-Age | Drama,UK,Kenneth Branagh,Jude Hill | Caitríona Balfe | Jamie Dornan,7.2,86.000,92.000,https://www.justwatch.com/de/Film/Belfast,
816,1058,Die Unzertrennlichen,Dead Ringers,1988,115,Drama | Thriller,CAN | USA,David Cronenberg,Jeremy Irons | Geneviève Bujold | Heidi von Palleske,7.2,86.000,82.000,https://www.justwatch.com/de/Film/Die-Unzertrennlichen,
817,1059,About Schmidt,,2002,124,Drama | Komödie,USA,Alexander Payne,Jack Nicholson | Hope Davis | Kathy Bates,7.2,86.000,74.000,https://www.justwatch.com/de/Film/About-Schmidt,
1144,1060,Der Spion,The Courier,2020,112,Drama | Thriller,UK,Dominic Cooke,Benedict Cumberbatch | Merab Ninidze | Rachel Brosnahan,7.2,85.000,95.000,https://www.justwatch.com/de/Film/The-Courier-2021,
818,1061,Eve's Bayou - Im Bann der Lügen,Eve’s Bayou,1997,109,Drama | Drama,USA,Kasi Lemmons,Jurnee Smollett | Samuel L. Jackson | Debbi Morgan,7.2,84.000,90.000,https://www.justwatch.com/de/Film/Eves-Bayou-Im-Bann-der-Luegen,
819,1062,Birdy,,1984,120,Drama | Krieg,USA,Alan Parker,Matthew Modine | Nicolas Cage | John Harkins,7.2,84.000,83.000,https://www.justwatch.com/de/Film/Birdy,
820,1063,Easy Rider,,1969,95,Drama | Roadmovie,USA,Dennis Hopper,Peter Fonda | Dennis Hopper | Jack Nicholson,7.2,84.000,82.000,https://www.justwatch.com/de/Film/Easy-Rider,
821,1064,Nosferatu – Der Untote,Nosferatu,2024,132,Horror | Mystery,USA,Robert Eggers,Bill Skarsgård | Lily-Rose Depp | Nicholas Hoult,7.2,84.000,73.000,https://www.justwatch.com/de/Film/nosferatu-der-untote,
822,1065,Star Trek VI - Das unentdeckte Land,Star Trek VI: The Undiscovered Country,1991,113,Action | Sci-Fi,USA,Nicholas Meyer,William Shatner | Leonard Nimoy | DeForest Kelley,7.2,83.000,84.000,https://www.justwatch.com/de/Film/Star-Trek-VI-Das-unentdeckte-Land,
823,1066,Videodrome,,1983,89,Horror | Sci-Fi,CAN | USA,David Cronenberg,James Woods | Deborah Harry | Jack Creley,7.2,83.000,80.000,https://www.justwatch.com/de/Film/Videodrome,
824,1067,Silence,,2016,161,Biografie | Drama,MEX | TWN | UK | USA,Martin Scorsese,Andrew Garfield | Adam Driver | Liam Neeson,7.2,83.000,70.000,https://www.justwatch.com/de/Film/Silence-2016,
1100,1068,Origin,,2023,141,Biografie | Drama,USA,Ava DuVernay,Aunjanue Ellis-Taylor | Jon Bernthal | Niecy Nash-Betts,7.2,82.000,97.000,https://www.justwatch.com/de/Film/origin,
825,1069,Tsotsi,,2005,94,Drama | Krimi,RSA | UK,Gavin Hood,Presley Chweneyagae | Terry Pheto | Kenneth Nkosi,7.2,82.000,86.000,https://www.justwatch.com/de/Film/Tsotsi-Ein-Junge-aus-dem-Ghetto,
826,1070,Angel Heart,,1987,113,Horror | Mystery,CAN | UK | USA,Alan Parker,Mickey Rourke | Robert de Niro | Lisa Bonet,7.2,82.000,81.000,https://www.justwatch.com/de/Film/Angel-Heart,
827,1071,"The Good, the Bad, the Weird","좋은 놈, 나쁜 놈, 이상한 놈 / Jo-eun nom, nappeun nom, isanghan nom",2008,139,Action | Western,KOR,Kim Jee-woon,Song Kang-ho | Lee Byung-hun | Jung Woo-sung,7.2,81.000,83.000,https://www.justwatch.com/de/Film/The-Good-the-Bad-the-Weird,
828,1072,Zurück in die Gegenwart,Star Trek IV: The Voyage Home,1986,119,Action | Sci-Fi,USA,Leonard Nimoy,William Shatner | Leonard Nimoy | DeForest Kelley,7.2,81.000,81.000,https://www.justwatch.com/de/Film/Star-Trek-IV-Zurueck-in-die-Gegenwart,
829,1073,James Bond 007 – GoldenEye,GoldenEye,1995,130,Abenteuer | Action,UK | USA,Martin Campbell,Pierce Brosnan | Sean Bean | Izabella Scorupco,7.2,80.000,83.000,https://www.justwatch.com/de/Film/James-Bond-007-GoldenEye,
1101,1074,The Virgin Suicides,,1999,97,Drama | Tragödie,USA,Sofia Coppola,Kirsten Dunst | Josh Hartnett | James Woods,7.2,80.000,81.000,https://www.justwatch.com/de/Film/The-Virgin-Suicides,
830,1075,Friday,,1995,91,Drama | Komödie,USA,F. Gary Gray,Ice Cube | Chris Tucker | Nia Long,7.2,77.000,91.000,https://www.justwatch.com/de/Film/Friday,
831,1076,Top Secret!,,1984,90,Action | Komödie,UK | USA,"Jim Abrahams, David Zucker, Jerry Zucker",Val Kilmer | Lucy Gutteridge | Omar Sharif,7.2,77.000,80.000,https://www.justwatch.com/de/Film/Top-Secret,
832,1077,Asphalt-Blüten,Scarecrow,1973,112,Drama | Thriller,USA,Jerry Schatzberg,Gene Hackman | Al Pacino | Dorothy Tristan,7.2,76.000,79.000,https://www.justwatch.com/de/Film/Asphalt-Blueten,
833,1078,Sunshine,,2007,107,Sci-Fi | Thriller,UK | USA,Danny Boyle,Cillian Murphy | Chris Evans | Rose Byrne,7.2,76.000,73.000,https://www.justwatch.com/de/Film/Sunshine-2007,
1227,1079,Infernal Affairs 2,無間道 II / Pinyin Wújiāndào II,2003,119,Drama | Krimi,CHN | HKG | SGP,Andrew Lau,Anthony Wong | Eric Tsang | Edison Chen,7.2,75.000,83.000,https://www.justwatch.com/de/Film/Infernal-Affairs-II,
834,1080,Matrix Reloaded,The Matrix Reloaded,2003,136,Action | Sci-Fi,USA,"Lana Wachowski, Lilly Wachowski",Keanu Reeves | Laurence Fishburn | Carrie-Anne Moss,7.2,74.000,72.000,https://www.justwatch.com/de/Film/Matrix-Reloaded,
835,1081,Enter the Void,,2009,161,Drama | Fantasy,FRA | GER | ITA,Gaspar Noé,Nathaniel Brown | Paz de la Huerta | Cyril Roy,7.2,73.000,72.000,https://www.justwatch.com/de/Film/Enter-the-Void,
836,1082,Ronin,,1998,121,Action | Thriller,USA,John Frankenheimer,Robert de Niro | Jean Reno | Natascha McElhone,7.2,70.000,80.000,https://www.justwatch.com/de/Film/Ronin,
837,1083,Memoir of a Murderer,살인자의 기억법 / Sarinjaui gieokbeop,2017,118,Krimi | Thriller,KOR,Won Shin-yun,Sol Kyung-gu | Kim Nam-gil | Seol-hyun,7.2,70.000,79.000,https://www.justwatch.com/de/Film/Memoir-of-a-Murderer,
838,1084,"Padre Padrone – Mein Vater, mein Herr",Padre padrone,1977,113,Coming-of-Age | Drama,ITA,"Paolo Taviani, Vittorio Taviani",Omero Antonutti | Fabrizio Forte | Saverio Marconi,7.2,70.000,77.000,https://www.justwatch.com/de/Film/padre-padrone-mein-vater-mein-herr,
839,1085,Darjeeling Limited,The Darjeeling Limited,2007,91,Drama | Komödie,USA,Wes Anderson,Owen Wilson | Adrien Brody | Jason Schwartzman,7.2,69.000,78.000,https://www.justwatch.com/de/Film/Darjeeling-Limited,
840,1086,Strange Days,,1995,145,Sci-Fi | Thriller,USA,Kathryn Bigelow,Ralph Fiennes | Angela Bassett | Juliette Lewis,7.2,69.000,73.000,https://www.justwatch.com/de/Film/Strange-Days,
841,1087,Wild at Heart – Die Geschichte von Sailor und Lula,Wild at Heart,1990,125,Krimi | Komödie,USA,David Lynch,Nicolas Cage | Laura Dern | Willem Dafoe,7.2,66.000,81.000,https://www.justwatch.com/de/Film/Wild-at-Heart-Die-Geschichte-von-Sailor-und-Lula,
842,1088,From Dusk Till Dawn,,1996,108,Action | Horror,USA,Robert Rodriguez,Harvey Keitel | George Clooney | Quentin Tarantino,7.2,65.000,76.000,https://www.justwatch.com/de/Film/From-Dusk-Till-Dawn,
843,1089,Hudsucker – Der große Sprung,The Hudsucker Proxy,1994,111,Drama | Komödie,GER | UK | USA,"Joel Coen, Ethan Coen",Tim Robbins | Jennifer Jason Leigh | Paul Newman,7.2,64.000,79.000,https://www.justwatch.com/de/Film/Hudsucker-Der-grosse-Sprung,
844,1090,Dänische Delikatessen,De grønne slagtere,2003,100,Drama | Komödie,DEN,Anders Thomas Jensen,Nikolaj Lie Kaas | Mads Mikkelsen | Line Kruse,7.2,63.000,83.000,https://www.justwatch.com/de/Film/Daenische-Delikatessen,
845,1091,Rock N Rolla,RocknRolla,2008,114,Action | Krimi,FRA | UK | USA,Guy Ritchie,Gerard Butler | Tom Wilkinson | Thandiwe Newton,7.2,60.000,71.000,https://www.justwatch.com/de/Film/RockNRolla,
846,1092,Die Tiefseetaucher,The Life Aquatic with Steve Zissou,2004,119,Abenteuer | Komödie,USA,Wes Anderson,Bill Murray | Owen Wilson | Cate Blanchett,7.2,57.000,82.000,https://www.justwatch.com/de/Film/Die-Tiefseetaucher,
847,1093,"In weiter Ferne, so nah!",,1993,144,Drama | Fantasy,GER,Wim Wenders,Otto Sander | Bruno Ganz | Peter Falk,7.2,54.000,87.000,https://www.justwatch.com/de/Film/In-weiter-Ferne-so-nah,
848,1094,Natural Born Killers,,1994,119,Drama | Krimi,USA,Oliver Stone,Woody Harrelson | Juliette Lewis | Robert Downey Jr.,7.2,51.000,81.000,https://www.justwatch.com/de/Film/Natural-Born-Killers,
1080,1095,Leave No Trace,,2018,109,Abenteuer | Drama,USA,Debra Granik,Ben Foster | Thomasin McKenzie | Dale Dickey,7.1,100.000,78.000,https://www.justwatch.com/de/Film/Leave-No-Trace,
849,1096,The Age of Shadows,밀정 / Miljeong,2016,140,Action | Thriller,KOR,Kim Jee-woon,Song Kang-ho | Gong Yoo | Han Ji-min,7.1,100.000,72.000,https://www.justwatch.com/de/Film/miljeong,
850,1097,One Night in Miami,,2020,114,Drama | Drama,USA,Regina King,Kingsley Ben-Adir | Eli Goree | Aldis Hodge,7.1,98.000,78.000,https://www.justwatch.com/de/Film/One-Night-in-Miami,
851,1098,A Real Pain,,2024,89,Drama | Komödie,POL | USA,Jesse Eisenberg,Jesse Eisenberg | Kieran Culkin | Will Sharpe,7.1,96.000,82.000,https://www.justwatch.com/de/Film/a-real-pain,
1069,1099,Blue Ruin,,2013,90,Drama | Thriller,FRA | USA,Jeremy Saulnier,Macon Blair | Devin Ratray | Amy Hargreaves,7.1,96.000,79.000,https://www.justwatch.com/de/Film/Blue-Ruin,
1113,1100,Tangerine L.A.,Tangerine,2015,88,Drama | Komödie,USA,Sean Baker,Kitana Kiki Rodriguez | Mya Taylor | James Ransone,7.1,96.000,76.000,https://www.justwatch.com/de/Film/Tangerine-L-A,
852,1101,First Cow,,2019,121,Drama | Western,USA,Kelly Reichardt,John Magaro | Orion Lee | Toby Jones,7.1,96.000,65.000,https://www.justwatch.com/de/Film/First-Cow,
853,1102,Das große Tier,Duże zwierzę,2000,73,Drama | Komödie,POL,Jerzy Stuhr,Jerzy Stuhr | Anna Dymna | Dominika Bednarczyk,7.1,95.000,88.000,,
1060,1103,Heathers,,1988,103,Komödie | Thriller,USA,Michael Lehmann,Winona Ryder | Christian Slater | Shannen Doherty,7.1,95.000,83.000,https://www.justwatch.com/de/Film/Lethal-Attraction,
854,1104,Re-Animator,,1985,86,Horror | Komödie,USA,Stuart Gordon,Jeffrey Combs | Bruce Abbott | Barbara Crampton,7.1,94.000,82.000,https://www.justwatch.com/de/Film/Re-Animator,
855,1105,Klute,,1971,114,Krimi | Thriller,USA,Alan J. Pakula,Jane Fonda | Donald Sutherland | Charles Cioffi,7.1,94.000,79.000,https://www.justwatch.com/de/Film/Klute,
1163,1106,Three Kings – Es ist schön König zu sein,Three Kings,1999,115,Komödie | Krieg,USA,David O. Russell,George Clooney | Mark Wahlberg | Ice Cube,7.1,94.000,77.000,https://www.justwatch.com/de/Film/Three-Kings-Es-ist-schoen-Koenig-zu-sein,
856,1107,WarGames – Kriegsspiele,WarGames,1983,114,Sci-Fi | Thriller,USA,John Badham,Matthew Broderick | Ally Sheedy | John Wood,7.1,94.000,76.000,https://www.justwatch.com/de/Film/War-Games-Kriegsspiele,
857,1108,Snowpiercer,설국열차 / Seolgugyeolcha,2013,126,Action | Sci-Fi,CZE | FRA | KOR | USA,Bong Joon-Ho,Chris Evans | Song Kang-ho | Tilda Swinton,7.1,94.000,72.000,https://www.justwatch.com/de/Film/Snowpiercer,
858,1109,Angeklagt,The Accused,1988,111,Drama | Krimi,CAN | USA,Jonathan Kaplan,Jodie Foster | Kelly McGillis | Bernie Coulson,7.1,93.000,79.000,https://www.justwatch.com/de/Film/Angeklagt,
859,1110,Wenn die Gondeln Trauer tragen,Don’t Look Now,1973,105,Horror | Mystery,ITA | UK,Nicolas Roeg,Donald Sutherland | Julie Christie | Hilary Mason,7.1,93.000,76.000,https://www.justwatch.com/de/Film/Wenn-die-Gondeln-Trauer-tragen,
860,1111,Dogtooth,Κυνόδοντας / Kynodontas,2009,97,Drama | Thriller,GRE,Yorgos Lanthimos,Christos Stergioglou | Angeliki Papoulia | Mary Tsoni,7.1,93.000,76.000,https://www.justwatch.com/de/Film/Hundszahn,
1041,1112,Macbeth,The Tragedy of Macbeth,2021,105,Drama | Thriller,USA,Joel Coen,Denzel Washington | Frances McDormand | Alex Hassell,7.1,93.000,74.000,https://www.justwatch.com/de/Film/The-Tragedy-of-Macbeth-2021,
861,1113,The Host,괴물 / Gwoemul,2006,119,Horror | Sci-Fi,JAP | KOR,Bong Joon-Ho,Song Kang-ho | Byun Hee-bong | Park Hae-il,7.1,93.000,72.000,https://www.justwatch.com/de/Film/Gwoemul,
1137,1114,Glass Onion: A Knives Out Mystery,,2022,139,Komödie | Krimi,USA,Rian Johnson,Daniel Craig | Edward Norton | Janelle Monáe,7.1,91.000,92.000,https://www.justwatch.com/de/Film/Knives-Out-2,
862,1115,Der Unsichtbare,The Invisible Man,2020,124,Horror | Thriller,AUS | USA,Leigh Whannell,Elisabeth Moss | Oliver Jackson-Cohen | Aldis Hodge,7.1,91.000,88.000,https://www.justwatch.com/de/Film/Der-Unsichtbare,
863,1116,11:14,,2003,85,Komödie | Thriller,CAN | USA,Greg Marcks,Henry Thomas | Colin Hanks | Ben Foster,7.1,91.000,75.000,https://www.justwatch.com/de/Film/11-14-Elevenfourteen,
864,1117,Von großen und kleinen Haien,O Som ao Redor,2012,131,Drama | Thriller,BRA,Kleber Mendonça Filho,Gustavo Jahn | Maeve Jinkings | Irandhir Santos,7.1,91.000,75.000,https://www.justwatch.com/de/Film/O-Som-ao-Redor,
1122,1118,Bone Tomahawk,,2015,132,Horror | Western,USA,S. Craig Zahler,Kurt Russell | Patrick Wilson | Matthew Fox,7.1,91.000,74.000,https://www.justwatch.com/de/Film/Bone-Tomahawk,
1073,1119,Timecrimes – Mord ist nur eine Frage der Zeit,Timecrimes,2007,88,Sci-Fi | Thriller,ESP,Nacho Vigalondo,Karra Elejalde | Candela Fernández | Bárbara Goenaga,7.1,90.000,79.000,https://www.justwatch.com/de/Film/Timecrimes-Mord-ist-nur-eine-Frage-der-Zeit,
865,1120,Licorice Pizza,,2021,133,Komödie | Romanze,USA,Paul Thomas Anderson,Alana Haim | Cooper Hoffman | Sean Penn,7.1,90.000,65.000,https://www.justwatch.com/de/Film/Licorice-Pizza,
1224,1121,Save the Green Planet!,지구를 지켜라! / Jigureul Jikyeora!,2003,117,Komödie | Sci-Fi,KOR,Jang Joon-hwan,Shin Ha-kyun | Baek Yoon-sik | Hwang Jung-min,7.1,88.000,87.000,https://www.justwatch.com/de/Film/Save-the-Green-Planet,
866,1122,Der Admiral – Roaring Currents,명량 / Myeongnyang,2014,126,Action | Krieg,KOR,Kim Han-min,Choi Min-sik | Ryu Seung-ryong | Cho Jin-woong,7.1,88.000,79.000,https://www.justwatch.com/de/Film/Der-Admiral-Roaring-Currents,
867,1123,The Lobster,,2015,118,Drama | Komödie,FRA | GRE | IRE | NED | UK,Yorgos Lanthimos,Colin Farrell | Rachel Weisz | Olivia Colman,7.1,88.000,65.000,https://www.justwatch.com/de/Film/The-Lobster,
868,1124,Broken Flowers,,2005,106,Drama | Komödie,FRA | USA,Jim Jarmusch,Bill Murray | Jeffrey Wright | Sharon Stone,7.1,87.000,70.000,https://www.justwatch.com/de/Film/Broken-Flowers-Blumen-fuer-die-Ex,
1220,1125,A Tale of Two Sisters,"장화, 홍련 / Janghwa, Hongryeon",2003,114,Horror | Thriller,KOR,Kim Jee-woon,Im Soo-jung | Moon Geun-young | Yum Jung-ah,7.1,86.000,83.000,https://www.justwatch.com/de/Film/A-Tale-of-Two-Sisters,
1033,1126,Im Vorhof der Hölle,State of Grace,1990,134,Drama | Krimi,USA,Phil Joanou,Sean Penn | Gary Oldman | Ed Harris,7.1,86.000,82.000,https://www.justwatch.com/de/Film/Im-Vorhof-der-Hoelle,
869,1127,Zhao - Der Unbesiegbare,天下第一拳 / Tiānxià dì yī quán,1972,105,Action | Drama,HKG,Chang-hwa Jeong,Lieh Lo | Ping Wang | Hsiung Chao,7.1,86.000,80.000,https://www.justwatch.com/de/Film/Zhao-der-Unbesiegbare,
870,1128,Die Klapperschlange,Escape from New York,1981,99,Action | Sci-Fi,UK | USA,John Carpenter,Kurt Russell | Lee Van Cleef | Donald Pleasence,7.1,86.000,77.000,https://www.justwatch.com/de/Film/Die-Klapperschlange,
871,1129,The Square,,2017,151,Drama | Komödie,DEN | FRA | GER | SWE,Ruben Östlund,Claes Bang | Elisabeth Moss | Dominic West,7.1,85.000,70.000,https://www.justwatch.com/de/Film/The-Square-2017,
872,1130,The Master,,2012,138,Drama | Thriller,USA,Paul Thomas Anderson,Joaquin Phoenix | Philip Seymour Hoffman | Amy Adams,7.1,85.000,62.000,https://www.justwatch.com/de/Film/The-Master-2012,
873,1131,Last Exit Reno,Sydney / Hard Eight,1996,98,Drama | Thriller,USA,Paul Thomas Anderson,Philip Barker Hall | John C. Reilly | Gwyneth Paltrow,7.1,83.000,83.000,https://www.justwatch.com/de/Film/Last-Exit-Reno,
874,1132,Violent Cop,"その男、凶暴につき / Otoko, Kyōbō ni Tsuki",1989,103,Action | Krimi,JAP,Takeshi Kitano,Takeshi Kitano | Maiko Kawakami | Makoto Ashikawa,7.1,83.000,81.000,,
1160,1133,Narc,,2002,105,Drama | Krimi,CAN | USA,Joe Carnahan,Jason Patric | Ray Liotta | Chi McBride,7.1,83.000,79.000,https://www.justwatch.com/de/Film/Narc,
875,1134,Midsommar,,2019,148,Drama | Mystery,SWE | USA,Ari Aster,Florence Pugh | Jack Reynor | Vilhelm Blomgren,7.1,83.000,63.000,https://www.justwatch.com/de/Film/Midsommar,
1146,1135,Queen & Slim,,2019,132,Drama | Thriller,CAN | USA,Melina Matsoukas,Daniel Kaluuya | Jodie Turner-Smith | Bokeem Woodbine,7.1,82.000,92.000,https://www.justwatch.com/de/Film/Queen-und-Slim,
876,1136,Batmans Rückkehr,Batman Returns,1992,126,Abenteuer | Action,USA,Tim Burton,Michael Keaton | Danny DeVito | Michelle Pfeiffer,7.1,82.000,73.000,https://www.justwatch.com/de/Film/Batmans-Rueckkehr,
877,1137,7 Psychos,Seven Psychopaths,2012,110,Komödie | Thriller,UK,Martin McDonagh,Colin Farrell | Sam Rockwell | Woody Harrelson,7.1,82.000,71.000,https://www.justwatch.com/de/Film/7-Psychos,
878,1138,Tropic Thunder,,2008,107,Action | Komödie,USA,Ben Stiller,Ben Stiller | Robert Downey Jr. | Jack Black,7.1,82.000,71.000,https://www.justwatch.com/de/Film/Tropic-Thunder,
879,1139,Durst,박쥐 / Bak-Jwi,2009,133,Drama | Horror,KOR,Park Chan-wook,Song Kang-ho | Kim Ok-bin | Shin Ha-kyun,7.1,81.000,74.000,https://www.justwatch.com/de/Film/Durst,
880,1140,Alien: Romulus,,2024,119,Horror | Sci-Fi,UK | USA,Fede Álvarez,Cailee Spaeny | David Johnson | Archie Renaux,7.1,80.000,85.000,https://www.justwatch.com/de/Film/alien-romulus,
1279,1141,Queimada – Insel des Schreckens,Queimada,1969,121,Abenteuer | Drama,FRA | ITA,Gillo Pontecorvo,Marlon Brando | Evaristo Márquez | Renato Salvatori,7.1,80.000,80.000,https://www.justwatch.com/de/Film/Queimada-Insel-des-Schreckens,
881,1142,Panik im Needle Park,The Panic in Needle Park,1971,110,Drama | Tragödie,USA,Jerry Schatzberg,Al Pacino | Kitty Winn | Alan Vint,7.1,80.000,75.000,https://www.justwatch.com/de/Film/Panik-im-Needle-Park,
882,1143,Melancholia,,2011,130,Drama | Sci-Fi,DEN | FRA | GER | SWE,Lars von Trier,Kirsten Dunst | Charlotte Gainsbourg | Kiefer Sutherland,7.1,80.000,67.000,https://www.justwatch.com/de/Film/Melancholia,
1156,1144,Brick,,2005,110,Drama | Thriller,USA,Rian Johnson,Joseph Gordon-Levitt | Nora Zehetner | Lukas Haas,7.1,79.000,86.000,https://www.justwatch.com/de/Film/Brick,
883,1145,Iron Man 3,,2013,130,Action | Sci-Fi,USA,Shane Black,Robert Downey Jr. | Gwyneth Paltrow | Don Cheadle,7.1,79.000,78.000,https://www.justwatch.com/de/Film/Iron-Man-3,
884,1146,The French Dispatch,,2021,108,Drama | Komödie,USA,Wes Anderson,Benicio del Toro | Adrien Brody | Tilda Swinton,7.1,75.000,76.000,https://www.justwatch.com/de/Film/The-French-Dispatch,
885,1147,Elephant,,2003,81,Drama | Krimi,USA,Gus Van Sant,Alex Frost | Eric Deulen | John Robinson,7.1,74.000,78.000,https://www.justwatch.com/de/Film/Elephant,
886,1148,Der Gott des Gemetzels,Carnage,2011,80,Drama | Komödie,ESP | FRA | GER | POL,Roman Polanski,Jodie Foster | Kate Winslet | Christoph Waltz,7.1,71.000,66.000,https://www.justwatch.com/de/Film/Der-Gott-des-Gemetzels,
887,1149,Desperado,,1995,104,Action | Western,MEX | USA,Robert Rodriguez,Antonio Banderas | Salma Hayek | Joaquim de Almeida,7.1,70.000,79.000,https://www.justwatch.com/de/Film/Desperado,
888,1150,Equus – Blinde Pferde,Equus,1977,137,Drama | Mystery,UK | USA,Sidney Lumet,Richard Burton | Peter Firth | Colin Blakely,7.1,70.000,77.000,https://www.justwatch.com/de/Film/equus-blinde-pferde,
889,1151,Cash Truck,Wrath of Man,2021,118,Action | Thriller,USA,Guy Ritchie,Jason Statham | Holt McCallany | Josh Hartnett,7.1,68.000,90.000,https://www.justwatch.com/de/Film/Wrath-of-Man,
1020,1152,Che – Revolución,Che – Part One: The Argentine,2008,134,Biografie | Krieg,ESP | FRA | USA,Steven Soderbergh,Benicio del Toro | Demián Bichir | Rodrigo Santoro,7.1,67.000,75.000,https://www.justwatch.com/de/Film/Che-2008,
890,1153,Anchorman – Die Legende von Ron Burgundy,Anchorman: The Legend of Ron Burgundy,2004,94,Komödie | Satire,USA,Adam McKay,Will Ferrell | Christina Applegate | Paul Rudd,7.1,66.000,86.000,https://www.justwatch.com/de/Film/Anchorman-Die-Legende-von-Ron-Burgundy,
891,1154,The Frighteners,,1996,110,Horror | Komödie,NZL | USA,Peter Jackson,Michael J. Fox | Trini Alvarado | Peter Dobson,7.1,66.000,71.000,https://www.justwatch.com/de/Film/The-Frighteners-Herr-der-Geister,
892,1155,Blade,,1998,110,Action | Horror,USA,Stephen Norrington,Wesley Snipes | Stephen Dorff | Kris Kristofferson,7.1,58.000,78.000,https://www.justwatch.com/de/Film/Blade,
893,1156,Spaceballs - Mel Brooks' verrückte Raumfahrt,Spaceballs,1987,96,Komödie | Sci-Fi,USA,Mel Brooks,Mel Brooks | John Candy | Rick Moranis,7.1,52.000,83.000,https://www.justwatch.com/de/Film/Mel-Brooks-Spaceballs,
894,1157,Out of Sight,,1998,123,Komödie | Krimi,USA,Steven Soderbergh,George Clooney | Jennifer Lopez | Ving Rhames,7,94.000,74.000,https://www.justwatch.com/de/Film/Out-of-Sight,
895,1158,Logan Lucky,,2017,119,Komödie | Krimi,USA,Steven Soderbergh,Channing Tatum | Adam Driver | Daniel Craig,7,92.000,76.000,https://www.justwatch.com/de/Film/Logan-Lucky,
1111,1159,The Cabin in the Woods,,2011,95,Horror | Komödie,CAN | USA,Drew Goddard,Kristen Connolly | Fran Kranz | Chris Hemsworth,7,92.000,74.000,https://www.justwatch.com/de/Film/The-Cabin-in-the-Woods,
896,1160,Pferdewechsel in der Hochzeitsnacht,The Heartbreak Kid,1972,106,Komödie | Romanze,USA,Elaine May,Charles Grodin | Cybill Shepherd | Jeannie Berlin,7,92.000,73.000,https://www.justwatch.com/de/Film/pferdewechsel-in-der-hochzeitsnacht,
1007,1161,Barbarian,,2022,102,Horror | Mystery,USA,Zach Cregger,Georgina Campbell | Bill Skarsgård | Justin Long,7,92.000,70.000,https://www.justwatch.com/de/Film/Barbarian,
897,1162,Evil Does Not Exist,悪は存在しない / Aku wa Sonzai Shinai,2023,106,Drama | Drama,JAP,Ryūsuke Hamaguchi,Hitoshi Omika | Ryō Nishikawa | Ryūji Kosaka,7,91.000,83.000,https://www.justwatch.com/de/Film/evil-does-not-exist,
898,1163,The Witch,The VVitch: A New-England Folktale,2015,92,Horror | Mystery,CAN | USA,Robert Eggers,Anya Taylor-Joy | Ralph Ineson | Kate Dickie,7,91.000,61.000,https://www.justwatch.com/de/Film/The-Witch-2016,
1074,1164,Green Room,,2015,95,Horror | Thriller,USA,Jeremy Saulnier,Anton Yelchin | Imogen Poots | Alia Shawkat,7,90.000,75.000,https://www.justwatch.com/de/Film/Green-Room,
899,1165,Gomorrha – Reise in das Reich der Camorra,Gomorra,2008,137,Drama | Krimi,ITA,Matteo Garrone,Toni Servillo | Gianfelice Imparato | Salvatore Abbruzzese,7,90.000,71.000,https://www.justwatch.com/de/Film/Gomorrah,
900,1166,The Northman,,2022,137,Action | Drama,USA,Robert Eggers,Alexander Skarsgård | Nicole Kidman | Claes Bang,7,90.000,64.000,https://www.justwatch.com/de/Film/The-Northman,
901,1167,A Serious Man,,2009,105,Drama | Komödie,FRA | UK | USA,"Joel Coen, Ethan Coen",Michael Stuhlbarg | Richard Kind | Fred Melamed,7,89.000,68.000,https://www.justwatch.com/de/Film/A-Serious-Man,
902,1168,The Drop – Bargeld,The Drop,2014,106,Drama | Krimi,USA,Michaël R. Roskam,Tom Hardy | Noomi Rapace | James Gandolfini,7,88.000,76.000,https://www.justwatch.com/de/Film/The-Drop-Bargeld,
903,1169,The Tribe,Плем'я / Plemya,2014,130,Drama | Krimi,NED | UKR,Myroslav Slaboshpytskiy,Hryhoriy Fesenko | Yana Novikova | Roza Babiy,7,88.000,69.000,https://www.justwatch.com/de/Film/The-Tribe,
904,1170,Touki Bouki – Die Reise der Hyäne,Touki Bouki,1973,95,Drama | Tragödie,SEN,Djibril Diop Mambéty,Magaye Niang | Myriam Niang | Christoph Colomb,7,88.000,65.000,https://www.justwatch.com/de/Film/Touki-Bouki,
905,1171,Die Farbe des Geldes,The Color of Money,1986,120,Drama | Sport,USA,Martin Scorsese,Paul Newman | Tom Cruise | Mary Elizabeth Mastrantonio,7,87.000,73.000,https://www.justwatch.com/de/Film/Die-Farbe-des-Geldes,
1162,1172,The Fantastic Four: First Steps,,2025,115,Action | Sci-Fi,USA,Matt Shakman,Pedro Pascal | Vanessa Kirby | Ebon Moss-Bachrach,7,86.000,91.000,https://www.justwatch.com/de/Film/the-fantastic-four-first-steps,
906,1173,Bird,,2024,119,Coming-of-Age | Drama,FRA | GER | UK | USA,Andrea Arnold,Nykiya Adams | Barry Keoghan | Franz Rogowski,7,86.000,77.000,https://www.justwatch.com/de/Film/bird-2025,
1108,1174,Caught Stealing,,2025,107,Krimi | Thriller,USA,Darren Aronofsky,Austin Butler | Zoë Kravitz | Matt Smith,7,84.000,83.000,https://www.justwatch.com/de/Film/caught-stealing,
1029,1175,Fearless – Jenseits der Angst,Fearless,1993,121,Drama | Thriller,USA,Peter Weir,Jeff Bridges | Rosie Perez | Isabella Rossellini,7,84.000,80.000,https://www.justwatch.com/de/Film/Fearless-Jenseits-der-Angst,
907,1176,"Dame, König, As, Spion",Tinker Tailor Soldier Spy,2011,127,Drama | Thriller,FRA | GER | UK,Tomas Alfredson,Gary Oldman | Colin Firth | Tom Hardy,7,84.000,65.000,https://www.justwatch.com/de/Film/Dame-Koenig-As-Spion,
908,1177,"James Bond 007 – Der Spion, der mich liebte",The Spy Who Loved Me,1977,125,Action | Thriller,UK,Lewis Gilbert,Roger Moore | Barbara Bach | Curd Jürgens,7,82.000,77.000,https://www.justwatch.com/de/Film/James-Bond-007-Der-Spion-Der-Mich-Liebte,
909,1178,Die Maske,The Mask,1994,97,Komödie | Krimi,USA,Chuck Russell,Jim Carrey | Cameron Diaz | Peter Riegert,7,80.000,68.000,https://www.justwatch.com/de/Film/Jim-Carreys-Die-Maske,
910,1179,Geständnisse - Confessions of a Dangerous Mind,Confessions of a Dangerous Mind,2002,113,Komödie | Krimi,USA,George Clooney,Sam Rockwell | Drew Barrymore | George Clooney,7,79.000,75.000,https://www.justwatch.com/de/Film/Gestaendnisse-Confessions-of-a-Dangerous-Mind,
911,1180,The Killing Of A Sacred Deer,,2017,121,Fantasy | Horror,IRE | UK,Yorgos Lanthimos,Colin Farrell | Nicole Kidman | Barry Keoghan,7,79.000,63.000,https://www.justwatch.com/de/Film/The-Killing-of-a-Sacred-Deer,
912,1181,Burn After Reading – Wer verbrennt sich hier die Finger?,Burn After Reading,2008,96,Komödie | Krimi,FRA | UK | USA,"Joel Coen, Ethan Coen",George Clooney | Frances McDormand | Brad Pitt,7,78.000,65.000,https://www.justwatch.com/de/Film/Burn-After-Reading,
913,1182,Planet Terror,Grindhouse: Planet Terror,2007,105,Action | Horror,USA,Robert Rodriguez,Rose McGowan | Freddy Rodriguez | Josh Brolin,7,77.000,77.000,https://www.justwatch.com/de/Film/Planet-Terror,
1003,1183,Bad Lieutenant,,1992,96,Krimi | Thriller,USA,Abel Ferrara,Harvey Keitel | Victor Argo | Paul Calderón,7,77.000,74.000,https://www.justwatch.com/de/Film/Bad-Lieutenant,
914,1184,Bronson,,2008,92,Drama | Krimi,UK,Nicolas Winding Refn,Tom Hardy | Kelly Adams | Luing Andrews,7,75.000,74.000,https://www.justwatch.com/de/Film/Bronson,
915,1185,Kundun,,1997,134,Drama | Krieg,USA,Martin Scorsese,Tenzin Thuthob Tsarong | Gyurme Tethong | Tulku Jamyang Kunga Tenzin,7,74.000,78.000,https://www.justwatch.com/de/Film/Kundun,
916,1186,"Austin Powers - Das Schärfste, was Ihre Majestät zu bieten hat",Austin Powers: International Man of Mystery,1997,89,Abenteuer | Komödie,USA,Jay Roach,Mike Myers | Elizabeth Hurley | Michael York,7,73.000,77.000,https://www.justwatch.com/de/Film/Austin-Powers-Das-Schaerfste-was-Ihre-Majestaet-zu-bieten-hat,
917,1187,Saltburn,,2023,131,Komödie | Thriller,UK | USA,Emerald Fennell,Barry Keoghan | Jacob Elordi | Rosamund Pike,7,72.000,79.000,https://www.justwatch.com/de/Film/saltburn,
918,1188,Napoleon Dynamite,,2004,95,Komödie | Satire,USA,Jared Hess,Jon Heder | Efren Ramirez | Jon Gries,7,72.000,74.000,https://www.justwatch.com/de/Film/Napoleon-Dynamite,
919,1189,Die Outsider,The Outsiders,1983,91,Drama | Krimi,USA,Francis Ford Coppola,C. Thomas Howell | Matt Dillon | Ralph Macchio,7,71.000,82.000,https://www.justwatch.com/de/Film/Die-Outsider-Rebellen-ohne-Grund,
920,1190,A Scanner Darkly – Der dunkle Schirm,A Scanner Darkly,2006,100,Sci-Fi | Thriller,USA,Richard Linklater,Keanu Reeves | Robert Downey Jr. | Winona Ryder,7,68.000,74.000,https://www.justwatch.com/de/Film/A-Scanner-Darkly-Der-dunkle-Schirm,
921,1191,Death Proof - Todsicher,Grindhouse: Death Proof,2007,109,Action | Horror,USA,Quentin Tarantino,Kurt Russell | Zoë Bell | Rosario Dawson,7,67.000,71.000,https://www.justwatch.com/de/Film/Death-Proof-Todsicher,
922,1192,Drecksau,Filth,2013,97,Komödie | Krimi,GER | SCO,Jon S. Baird,James McAvoy | Jamie Bell | Eddie Marsan,7,67.000,67.000,https://www.justwatch.com/de/Film/Drecksau-Es-ist-Zeit-versaut-zu-sein,
923,1193,Rush Hour,,1998,98,Action | Komödie,USA,Brett Ratner,Jackie Chan | Chris Tucker | Ken Leung,7,62.000,79.000,https://www.justwatch.com/de/Film/Rush-Hour,
924,1194,Transformers,,2007,144,Action | Sci-Fi,USA,Michael Bay,Shia LaBeouf | Megan Fox | Josh Duhamel,7,57.000,85.000,https://www.justwatch.com/de/Film/Transformers-1,
925,1195,Constantine,,2005,121,Fantasy | Horror,GER | USA,Francis Lawrence,Keanu Reeves | Rachel Weisz | Shia LaBeouf,7,46.000,72.000,https://www.justwatch.com/de/Film/Constantine,
926,1196,Yeelen,,1987,105,Drama | Fantasy,BFA | FRA | GER | MLI,Souleymane Cissé,Issiaka Kane | Aoua Sangare | Niamanto Sanogo,6.9,100.000,69.000,https://www.justwatch.com/de/Film/yeelen-das-licht,
1117,1197,A Girl Walks Home Alone at Night,A Girl Walks Home Alone at Night  / دختری در شب تنها به خانه می‌رود,2014,101,Drama | Horror,USA,Ana Lily Amirpour,Sheila Vand | Arash Marandi | Marshall Manesh,6.9,96.000,75.000,https://www.justwatch.com/de/Film/A-Girl-Walks-Home-Alone-at-Night,
1132,1198,The Woman King,,2022,135,Action | Drama,CAN | USA,Gina Prince-Bythewood,Viola Davis | Thuso Mbedu | Lashana Lynch,6.9,94.000,99.000,https://www.justwatch.com/de/Film/The-Woman-King,
1091,1199,Sisu,,2022,91,Action | Krieg,FIN | USA,Jalmari Helander,Jorma Tommila | Aksel Hennie | Jack Doolan,6.9,94.000,88.000,https://www.justwatch.com/de/Film/sisu-2023,
1039,1200,Frank,,2014,95,Drama | Komödie,IRE | UK,Lenny Abrahamson,Michael Fassbender | Domhnall Gleeson | Maggie Gyllenhaal,6.9,92.000,72.000,https://www.justwatch.com/de/Film/Frank,
927,1201,Gefährliche Freundin,Something Wild,1986,113,Komödie | Krimi,USA,Jonathan Demme,Jeff Daniels | Melanie Griffith | Ray Liotta,6.9,92.000,69.000,https://www.justwatch.com/de/Film/Gefaehrliche-Freundin,
928,1202,Grifters,The Grifters,1990,110,Drama | Krimi,CAN | USA,Stephen Frears,Anjelica Huston | John Cusack | Annette Bening,6.9,92.000,69.000,https://www.justwatch.com/de/Film/The-Grifters,
929,1203,Nur 48 Stunden,48 Hrs.,1982,93,Action | Komödie,USA,Walter Hill,Nick Nolte | Eddie Murphy | James Remar,6.9,92.000,69.000,https://www.justwatch.com/de/Film/Nur-48-Stunden,
1066,1204,Journey of Love – Das wahre Abenteuer ist die Liebe,Safety Not Guaranteed,2012,86,Drama | Tragödie,USA,Colin Trevorrow,Aubrey Plaza | Mark Duplass | Jake Johnson,6.9,91.000,80.000,https://www.justwatch.com/de/Film/Journey-of-Love-Das-wahre-Abenteuer-ist-die-Liebe,
930,1205,Melvin und Howard,Melvin and Howard,1980,95,Drama | Komödie,USA,Jonathan Demme,Paul Le Mat | Mary Steenburgen | Jason Robards,6.9,91.000,61.000,https://www.justwatch.com/de/Film/melvin-und-howard,
1103,1206,Die Aussprache,Women Talking,2022,104,Drama | Drama,USA,Sarah Polley,Claire Foy | Jessie Buckley | Rooney Mara,6.9,90.000,80.000,https://www.justwatch.com/de/Film/Women-Talking,
931,1207,The World's End,,2013,109,Komödie | Sci-Fi,UK | USA,Edgar Wright,Simon Pegg | Nick Frost | Paddy Considine,6.9,89.000,72.000,https://www.justwatch.com/de/Film/The-Worlds-End,
932,1208,Schnappt Shorty,Get Shorty,1995,105,Komödie | Krimi,USA,Barry Sonnenfeld,John Travolta | Gene Hackman | Rene Russo,6.9,89.000,70.000,https://www.justwatch.com/de/Film/Schnappt-Shorty,
933,1209,28 Years Later,,2025,115,Horror | Thriller,UK | USA,Danny Boyle,Jodie Comer | Aaron Taylor-Johnson | Alfie Williams,6.9,88.000,63.000,https://www.justwatch.com/de/Film/28-years-later,
1032,1210,Light Sleeper,,1992,103,Drama | Krimi,USA,Paul Schrader,Willem Dafoe | Susan Sarandon | Dana Delany,6.9,87.000,65.000,https://www.justwatch.com/de/Film/Light-Sleeper,
934,1211,Durchgeknallt,Bottle Rocket,1996,92,Komödie | Krimi,USA,Wes Anderson,Luke Wilson | Owen Wilson | Robert Musgrave,6.9,86.000,79.000,https://www.justwatch.com/de/Film/Durchgeknallt-1996,
935,1212,Der Bauch des Architekten,The Belly of an Architect,1987,114,Drama | Komödie,ITA | UK,Peter Greenaway,Brian Dennehy | Chloe Webb | Lambert Wilson,6.9,85.000,80.000,https://www.justwatch.com/de/Film/der-bauch-des-architekten,
936,1213,Nymphomaniac: Teil 1,Nymphomaniac: Volume I,2013,117,Drama | Drama,BEL | DEN | FRA | GER | UK,Lars von Trier,Stacy Martin | Charlotte Gainsbourg | Stellan Skarsgård,6.9,76.000,69.000,https://www.justwatch.com/de/Film/Nymphomaniac-Teil-1,
937,1214,Bringing Out the Dead – Nächte der Erinnerung,Bringing Out the Dead,1999,121,Drama | Thriller,USA,Martin Scorsese,Nicolas Cage | Patricia Arquette | John Goodman,6.9,74.000,70.000,https://www.justwatch.com/de/Film/Bringing-out-the-Dead-Naechte-der-Erinnerung,
1011,1215,Swiss Army Man,,2016,97,Fantasy | Komödie,USA,"Daniel Kwan, Daniel Scheinert",Paul Dano | Daniel Radcliffe | Mary Elizabeth Winstead,6.9,73.000,72.000,https://www.justwatch.com/de/Film/Swiss-Army-Man,
938,1216,Pacific Rim,,2013,131,Action | Sci-Fi,USA,Guillermo del Toro,Charlie Hunnam | Idris Elba | Rinko Kikuchi,6.9,72.000,77.000,https://www.justwatch.com/de/Film/Pacific-Rim,
939,1217,Iron Man 2,,2010,125,Action | Sci-Fi,USA,Jon Favreau,Robert Downey Jr. | Gwyneth Paltrow | Don Cheadle,6.9,72.000,71.000,https://www.justwatch.com/de/Film/Iron-Man-2,
940,1218,Ananas Express,Pineapple Express,2008,112,Action | Komödie,USA,David Gordon Green,Seth Rogen | James Franco | Danny McBride,6.9,68.000,73.000,https://www.justwatch.com/de/Film/Ananas-Express,
941,1219,Die purpurnen Flüsse,Les Rivières pourpres,2000,106,Krimi | Thriller,FRA,Mathieu Kassovitz,Jean Reno | Vincent Cassel | Nadia Farès,6.9,68.000,70.000,https://www.justwatch.com/de/Film/Die-purpurnen-Fluesse,
942,1220,Conan der Barbar,Conan the Barbarian,1982,129,Abenteuer | Fantasy,USA,John Milius,Arnold Schwarzenegger | James Earl Jones | Max von Sydow,6.9,67.000,74.000,https://www.justwatch.com/de/Film/Conan-der-Barbar,
943,1221,Crank,,2006,85,Action | Thriller,USA,"Brian Taylor, Mark Neveldine",Jason Statham | Amy Smart | Jose Pablo Cantillo,6.9,62.000,71.000,https://www.justwatch.com/de/Film/Crank,
944,1222,Die nackte Kanone 2½,The Naked Gun 2½: The Smell of Fear,1991,85,Komödie | Krimi,USA,David Zucker,Leslie Nielsen | Priscilla Presley | George Kennedy,6.9,58.000,65.000,https://www.justwatch.com/de/Film/Die-nackte-Kanone-21-2,
945,1223,Repo Man,,1984,92,Komödie | Sci-Fi,USA,Alex Cox,Emilio Estevez | Harry Dean Stanton | Tracey Walter,6.8,98.000,78.000,https://www.justwatch.com/de/Film/Repo-Man,
1065,1224,Der Babadook,The Babadook,2014,94,Horror | Thriller,AUS,Jennifer Kent,Essie Davis | Noah Wiseman | Daniel Henshall,6.8,98.000,72.000,https://www.justwatch.com/de/Film/The-Babadook,
1118,1225,Rebel Ridge,,2024,131,Action | Drama,USA,Jeremy Saulnier,Aaron Pierre | Don Johnson | AnnaSophia Robb,6.8,95.000,73.000,https://www.justwatch.com/de/Film/rebel-ridge,
1116,1226,The Power of the Dog,,2021,126,Drama | Western,AUS | CAN | NZL | UK | USA,Jane Campion,Benedict Cumberbatch | Kirsten Dunst | Jesse Plemons,6.8,94.000,76.000,https://www.justwatch.com/de/Film/The-Power-of-the-Dog,
946,1227,Mad God,,2021,83,Horror | Sci-Fi,USA,Phil Tippett,Alex Cox | Niketa Roman | Satish Ratakonda,6.8,92.000,68.000,https://www.justwatch.com/de/Film/Mad-God,
947,1228,El Mariachi,,1992,81,Action | Western,MEX | USA,Robert Rodriguez,Carlos Gallardo | Consuelo Gómez | Jaime de Hoyos,6.8,91.000,76.000,https://www.justwatch.com/de/Film/El-Mariachi,
1287,1229,Blue Moon,,2025,100,Drama | Komödie,USA,Richard Linklater,Ethan Hawke | Margaret Qualley | Bobby Cannavale,6.8,90.000,76.000,https://www.justwatch.com/de/Film/blue-moon-2025,
1071,1230,Martha Marcy May Marlene,,2011,102,Drama | Thriller,USA,Sean Durkin,Elizabeth Olsen | John Hawkes | Sarah Paulson,6.8,90.000,71.000,https://www.justwatch.com/de/Film/Martha-Marcy-May-Marlene,
1115,1231,"Ready or Not - Auf die Plätze, Fertig, Tot",Ready or Not,2019,95,Horror | Komödie,USA,"Matt Bettinelli-Olpin, Tyler Gillett",Samara Weaving | Adam Brody | Mark O'Brien,6.8,89.000,78.000,https://www.justwatch.com/de/Film/Ready-or-Not,
948,1232,Mad Max,,1979,93,Action | Sci-Fi,AUS,George Miller,Mel Gibson | Joanne Samuel | Hugh Keays-Byrne,6.8,89.000,70.000,https://www.justwatch.com/de/Film/Mad-Max,
949,1233,Mad Love in New York,Heaven Knows What,2014,97,Drama | Krimi,FRA | USA,"Benny Safdie,  Josh Safdie",Arielle Holmes | Caleb Landry Jones | Buddy Duress,6.8,89.000,66.000,https://www.justwatch.com/de/Film/Heaven-Knows-What,
1034,1234,Auslöschung,Annihilation,2018,115,Horror | Sci-Fi,UK | USA,Alex Garland,Natalie Portman | Jennifer Jason Leigh | Gina Rodriguez,6.8,88.000,67.000,https://www.justwatch.com/de/Film/Ausloeschung,
950,1235,The Tree of Life,,2011,138,Drama | Fantasy,USA,Terrence Malick,Brad Pitt | Jessica Chastain | Hunter McCracken,6.8,85.000,60.000,https://www.justwatch.com/de/Film/The-Tree-of-Life,
951,1236,Die Maske des Zorro,The Mask of Zorro,1998,132,Abenteuer | Action,GER | MEX | USA,Martin Campbell,Antonio Banderas | Anthony Hopkins | Catherine Zeta-Jones,6.8,84.000,73.000,https://www.justwatch.com/de/Film/Die-Maske-des-Zorro,
1112,1237,Speak No Evil,,2024,110,Horror | Thriller,USA,James Watkins,James McAvoy | Mackenzie Davis | Scoot McNairy,6.8,83.000,83.000,https://www.justwatch.com/de/Film/speak-no-evil-2024,
952,1238,Mank,,2020,131,Drama | Komödie,USA,David Fincher,Gary Oldman | Amanda Seyfried | Lily Collins,6.8,83.000,63.000,https://www.justwatch.com/de/Film/Mank,
1121,1239,The Fall Guy,,2024,126,Action | Komödie,USA,David Leitch,Ryan Gosling | Emily Blunt | Aaron Taylor-Johnson,6.8,82.000,84.000,https://www.justwatch.com/de/Film/the-fall-guy,
953,1240,Outrage,アウトレイジ / Autoreiji,2010,109,Action | Krimi,JAP,Takeshi Kitano,Takeshi Kitano | Kippei Shiina | Ryo Kase,6.8,82.000,65.000,https://www.justwatch.com/de/Film/Outrage,
954,1241,Reality,,2012,115,Drama | Komödie,FRA | ITA,Matteo Garrone,Aniello Arena | Loredana Simioli | Claudia Gerini,6.8,81.000,69.000,https://www.justwatch.com/de/Film/Reality,
1021,1242,Che – Guerrilla,Che: Part Two – Guerrilla,2008,135,Biografie | Krieg,ESP | FRA | USA,Steven Soderbergh,Benicio del Toro | Franka Potente | Carlos Bardem,6.8,80.000,66.000,https://www.justwatch.com/de/Film/Che,
955,1243,Panic Room,,2002,112,Krimi | Thriller,USA,David Fincher,Jodie Foster | Kristen Stewart | Forest Whitaker,6.8,76.000,64.000,https://www.justwatch.com/de/Film/Panic-Room,
956,1244,Inland Empire,,2006,172,Mystery | Thriller,POL | USA,David Lynch,Laura Dern | Jeremy Irons | Justin Theroux,6.8,72.000,75.000,https://www.justwatch.com/de/Film/Inland-Empire-Eine-Frau-in-Schwierigkeiten,
957,1245,Disturbia,,2007,105,Krimi | Thriller,USA,D. J. Caruso,Shia LaBeouf | Sarah Roemer | Carrie-Anne Moss,6.8,69.000,77.000,https://www.justwatch.com/de/Film/Disturbia-Auch-Killer-haben-Nachbarn,
958,1246,Land der Wunder,Le meraviglie,2014,111,Coming-of-Age | Drama,GER | ITA | SUI,Alice Rohrwacher,Maria Alexandra Lungu | Sam Louwyck | Alba Rohrwacher,6.7,96.000,67.000,https://www.justwatch.com/de/Film/Land-der-Wunder,
959,1247,EO,IO,2022,88,Drama | Roadmovie,ITA | POL,Jerzy Skolimowski,Sandra Drzymalska | Lorenzo Zurzolo | Mateusz Kościukiewicz,6.7,96.000,64.000,https://www.justwatch.com/de/Film/EO-2022,
960,1248,Boiling Point,３－４×１０月 / San tai Yon ekkusu Jūgatsu,1990,97,Komödie | Krimi,JAP,Takeshi Kitano,Yūrei Yanagi | Takeshi Kitano | Yuriko Ishida,6.7,94.000,64.000,,
961,1249,Xala,,1975,123,Drama | Komödie,SEN,Ousmane Sembène,Thierno Leye | Seune Samb | Douta Seck,6.7,91.000,63.000,,
962,1250,Onkel Boonmee erinnert sich an seine früheren Leben,ลุงบุญมีระลึกชาติ / Lung Boonmee raluek chat,2010,114,Drama | Fantasy,ESP | FRA | GER | THA | UK,Apichatpong Weerasethaku,Thanapat Saisaymar | Jenjira Pongpas | Sakda Kaewbuadee,6.7,90.000,61.000,https://www.justwatch.com/de/Film/Uncle-Boonmee-erinnert-sich-an-seine-frueheren-Leben,
1025,1251,A Beautiful Day,You Were Never Really Here,2017,90,Drama | Thriller,FRA | UK | USA,Lynne Ramsay,Joaquin Phoenix | Ekaterina Samsonov | John Doman,6.7,89.000,64.000,https://www.justwatch.com/de/Film/A-Beautiful-Day,
1031,1252,Der Killer,The Killer,2023,119,Action | Thriller,USA,David Fincher,Michael Fassbender | Tilda Swinton | Charles Parnell,6.7,85.000,61.000,https://www.justwatch.com/de/Film/the-killer-2023,
963,1253,Go Get Some Rosemary,Daddy Longlegs,2009,100,Drama | Komödie,USA,"Benny Safdie,  Josh Safdie",Ronald Bronstein | Sage Ranaldo | Frey Ranaldo,6.7,78.000,63.000,,
964,1254,Die Sonne Satans,Sous le soleil de Satan,1987,103,Drama | Fantasy,FRA,Maurice Pialat,Gérard Depardieu | Sandrine Bonnaire | Maurice Pialat,6.7,78.000,61.000,https://www.justwatch.com/de/Film/Die-Sonne-Satans,
1110,1255,Mickey 17,,2025,137,Komödie | Sci-Fi,KOR | USA,Bong Joon-Ho,Robert Pattinson | Naomi Ackie | Steven Yeun,6.7,77.000,73.000,https://www.justwatch.com/de/Film/mickey-17,
965,1256,Der phönizische Meisterstreich,The Phoenician Scheme,2025,105,Action | Komödie,GER | USA,Wes Anderson,Benicio del Toro | Mia Threapleton | Michael Cera,6.7,77.000,70.000,https://www.justwatch.com/de/Film/der-phoenizische-meisterstreich,
966,1257,Tron,,1982,96,Action | Sci-Fi,USA,Steven Lisberger,Jeff Bridges | Bruce Boxleitner | David Warner,6.7,74.000,69.000,https://www.justwatch.com/de/Film/Tron,
967,1258,Primer,,2004,77,Sci-Fi | Thriller,USA,Shane Carruth,Shane Carruth | David Sullivan | Casey Gooden,6.7,72.000,79.000,https://www.justwatch.com/de/Film/Primer,
968,1259,Die Idioten,Idioterne,1998,117,Drama | Komödie,DEN,Lars von Trier,Bodil Jørgensen | Jens Albinus | Anne Louise Hassing,6.7,72.000,78.000,https://www.justwatch.com/de/Film/Idioten,
969,1260,Der Schuh des Manitu,,2001,87,Komödie | Western,GER,Michael Herbig,Michael Herbig | Christian Tramitz | Sky du Mont,6.7,70.000,83.000,https://www.justwatch.com/de/Film/Der-Schuh-des-Manitu,
970,1261,Demolition Man,,1993,115,Action | Sci-Fi,USA,Marco Brambilla,Sylvester Stallone | Wesley Snipes | Sandra Bullock,6.7,64.000,67.000,https://www.justwatch.com/de/Film/Demolition-Man,
971,1262,"Bardo, die erfundene Chronik einer Handvoll Wahrheiten","Bardo, falsa crónica de unas cuantas verdades",2022,159,Drama | Komödie,MEX,Alejandro G. Iñárritu,Daniel Giménez Cacho | Griselda Siciliani | Ximena Lamadrid,6.7,60.000,68.000,https://www.justwatch.com/de/Film/Bardo-False-Chronicle-of-a-Handful-of-Truths,
972,1263,Police Academy – Dümmer als die Polizei erlaubt,Police Academy,1984,96,Komödie | Krimi,USA,Hugh Wilson,Steve Guttenberg | Kim Cattrall | G.W. Bailey,6.7,58.000,64.000,https://www.justwatch.com/de/Film/Police-Academy-Duemmer-als-die-Polizei-erlaubt,
973,1264,Blade II,,2002,117,Action | Horror,GER | USA,Guillermo del Toro,Wesley Snipes | Kris Kristofferson | Ron Perlman,6.7,57.000,68.000,https://www.justwatch.com/de/Film/Blade-II,
974,1265,Austin Powers - Spion in geheimer Missionarsstellung,Austin Powers: The Spy Who Shagged Me,1999,95,Abenteuer | Komödie,USA,Jay Roach,Mike Myers | Heather Graham | Michael York,6.7,53.000,71.000,https://www.justwatch.com/de/Film/Austin-Powers-Spion-in-geheimer-Missionarsstellung,
975,1266,Auge um Auge,Out of the Furnace,2013,116,Drama | Thriller,USA,Scott Cooper,Christian Bale | Casey Affleck | Woody Harrelson,6.7,53.000,52.000,https://www.justwatch.com/de/Film/Auge-um-Auge-2013,
976,1267,Matrix Revolutions,The Matrix Revolutions,2003,129,Action | Sci-Fi,USA,"Lana Wachowski, Lilly Wachowski",Keanu Reeves | Laurence Fishburn | Carrie-Anne Moss,6.7,33.000,60.000,https://www.justwatch.com/de/Film/Matrix-Revolutions,
977,1268,Crocodile Dundee – Ein Krokodil zum Küssen,Crocodile Dundee,1986,104,Abenteuer | Komödie,AUS,Peter Faiman,Paul Hogan | Linda Kozlowski | John Meillon,6.6,89.000,59.000,https://www.justwatch.com/de/Film/Crocodile-Dundee-Ein-Krokodil-zum-Kuessen,
1005,1269,Die nackte Kanone (2025),The Naked Gun,2025,85,Komödie | Krimi,CAN | USA,Akiva Schaffer,Liam Neeson | Pamela Anderson | Paul Walter Hauser,6.6,88.000,73.000,https://www.justwatch.com/de/Film/die-nackte-kanone-2025,
978,1270,Shaft,,1971,100,Krimi | Thriller,USA,Gordon Parks,Richard Roundtree | Moses Gunn | Charles Cioffi,6.6,88.000,68.000,https://www.justwatch.com/de/Film/Shaft,
1195,1271,Das ist das Ende,This Is the End,2013,107,Fantasy | Komödie,USA,Seth Rogen,James Franco | Jonah Hill | Seth Rogen,6.6,82.000,71.000,https://www.justwatch.com/de/Film/Das-ist-das-Ende,
1277,1272,"Der Mann, der vom Himmel fiel",The Man Who Fell to Earth,1976,138,Drama | Sci-Fi,UK,Nicolas Roeg,David Bowie | Rip Torn | Candy Clark,6.6,79.000,68.000,https://www.justwatch.com/de/Film/Der-Mann-der-vom-Himmel-fiel,
979,1273,Machete,,2010,105,Action | Krimi,USA,Robert Rodriguez,Danny Trejo | Michelle Rodriguez | Robert de Niro,6.6,70.000,63.000,https://www.justwatch.com/de/Film/Machete-2010,
980,1274,Beau Is Afraid,,2023,179,Horror | Komödie,USA,Ari Aster,Joaquin Phoenix | Patti LuPone | Nathan Lane,6.6,68.000,71.000,https://www.justwatch.com/de/Film/beau-is-afraid,
981,1275,Star Wars: Episode II – Angriff der Klonkrieger,Star Wars: Episode II – Attack of the Clones,2002,142,Abenteuer | Sci-Fi,USA,George Lucas,Hayden Christensen | Ewan McGregor | Natalie Portman,6.6,61.000,56.000,https://www.justwatch.com/de/Film/Star-Wars-Episode-II-Angriff-der-Klonkrieger,
982,1276,Nymphomaniac: Teil 2,Nymphomaniac: Volume II,2013,124,Drama | Drama,BEL | DEN | FRA | GER | UK | SWE,Lars von Trier,Charlotte Gainsbourg | Stellan Skarsgård | Jamie Bell,6.6,58.000,55.000,https://www.justwatch.com/de/Film/Nymphomaniac-Teil-2,
983,1277,Gummo,,1997,95,Drama | Komödie,USA,Harmony Korine,Jacob Reynolds | Nick Sutton | Chloë Sevigny,6.6,39.000,73.000,https://www.justwatch.com/de/Film/gummo,
1228,1278,Smokin’ Aces,,2006,109,Action | Krimi,FRA | UK | USA,Joe Carnahan,Jeremy Piven | Ryan Reynolds | Ray Liotta,6.6,31.000,62.000,https://www.justwatch.com/de/Film/Smokin-Aces,
1131,1279,One of Them Days,,2025,97,Komödie | Komödie,USA,Lawrence Lamont,Keke Palmer | SZA | Vanessa Bell Calloway,6.5,94.000,89.000,https://www.justwatch.com/de/Film/untitled-buddy-comedy-tristar-pictures,
984,1280,Titane,,2021,108,Drama | Horror,BEL | FRA,Julia Ducournau,Agathe Rousselle | Vincent Lindon | Garance Marillier,6.5,90.000,85.000,https://www.justwatch.com/de/Film/Titane,
1009,1281,Father Mother Sister Brother,,2025,110,Drama | Komödie,FRA | IRE | ITA | JAP | USA,Jim Jarmusch,Tom Waits | Charlotte Rampling | Cate Blanchett,6.5,83.000,49.000,https://www.justwatch.com/de/Film/father-mother-sister-brother,
985,1282,Die nackte Kanone 33⅓,Naked Gun 33⅓: The Final Insult,1994,83,Komödie | Krimi,USA,Peter Segal,Leslie Nielsen | Priscilla Presley | George Kennedy,6.5,58.000,53.000,https://www.justwatch.com/de/Film/Die-Nackte-Kanone-33-1-3,
986,1283,Star Wars: Episode I – Die dunkle Bedrohung,Star Wars: Episode I – The Phantom Menace,1999,136,Abenteuer | Sci-Fi,USA,George Lucas,Liam Neeson | Ewan McGregor | Natalie Portman,6.5,54.000,59.000,https://www.justwatch.com/de/Film/Star-Wars-Episode-I-Die-dunkle-Bedrohung,
987,1284,Antichrist,,2009,108,Horror | Thriller,DEN | FRA | GER | ITA | POL | SWE,Lars von Trier,Charlotte Gainsbourg | Willem Dafoe | Storm Acheche Sahlstrøm,6.5,53.000,55.000,https://www.justwatch.com/de/Film/Antichrist,
988,1285,Sin City 2: A Dame to Kill For,Sin City: A Dame to Kill For,2014,102,Action | Krimi,USA,Robert Rodriguez,Mickey Rourke | Jessica Alba | Josh Brolin,6.5,43.000,44.000,https://www.justwatch.com/de/Film/Sin-City-2-A-Dame-To-Kill-For,
1001,1286,No Sudden Move,,2021,115,Krimi | Thriller,USA,Steven Soderbergh,Don Cheadle | Benicio del Toro | David Harbour,6.4,92.000,58.000,https://www.justwatch.com/de/Film/No-Sudden-Move,
989,1287,Asteroid City,,2023,105,Komödie | Sci-Fi,USA,Wes Anderson,Jason Schwartzman | Scarlett Johansson | Tom Hanks,6.4,76.000,62.000,https://www.justwatch.com/de/Film/asteroid-city,
1284,1288,Alien: Covenant,,2017,122,Horror | Sci-Fi,USA,Ridley Scott,Michael Fassbender | Katherine Waterston | Billy Crudup,6.4,65.000,55.000,https://www.justwatch.com/de/Film/Alien-Covenant,
990,1289,"Hail, Caesar!",,2016,106,Komödie | Mystery,UK | USA,"Joel Coen, Ethan Coen",Josh Brolin | George Clooney | Alden Ehrenreich,6.3,86.000,44.000,https://www.justwatch.com/de/Film/Hail-Caesar,
991,1290,Under the Skin – Tödliche Verführung,Under the Skin,2013,108,Sci-Fi | Thriller,SUI | UK | USA,Jonathan Glazer,Scarlett Johansson | Adam Pearson | Jeremy McWilliams,6.3,83.000,55.000,https://www.justwatch.com/de/Film/Under-the-Skin-Toedliche-Verfuehrung,
1024,1291,The Smashing Machine,,2025,123,Drama | Sport,USA,Benny Safdie,Dwayne Johnson | Emily Blunt | Ryan Bader,6.3,71.000,73.000,https://www.justwatch.com/de/Film/the-smashing-machine,
992,1292,Irgendwann in Mexico,Once Upon a Time in Mexico,2003,102,Action | Western,MEX | USA,Robert Rodriguez,Antonio Banderas | Johnny Depp | Salma Hayek,6.3,66.000,64.000,https://www.justwatch.com/de/Film/Irgendwann-in-Mexiko,
993,1293,Der Wüstenplanet,Dune,1984,137,Abenteuer | Sci-Fi,USA,David Lynch,Kyle MacLachlan | Francesca Annis | Jürgen Prochnow,6.3,36.000,65.000,https://www.justwatch.com/de/Film/Dune-Der-Wuestenplanet,
994,1294,Mad Max – Jenseits der Donnerkuppel,Mad Max Beyond Thunderdome,1985,107,Action | Sci-Fi,AUS,George Miller,Mel Gibson | Tina Turner | Bruce Spence,6.2,81.000,49.000,https://www.justwatch.com/de/Film/Mad-Max-Jenseits-der-Donnerkuppel,
995,1295,Austin Powers in Goldständer,Austin Powers in Goldmember,2002,98,Abenteuer | Komödie,USA,Jay Roach,Mike Myers | Beyoncé | Seth Green,6.2,52.000,44.000,https://www.justwatch.com/de/Film/Austin-Powers-in-Goldstaender,
996,1296,Scary Movie,,2000,88,Komödie | Parodie,USA,Keenen Ivory Wayans,Anna Faris | Jon Abrahams | Marlon Wayans,6.2,51.000,43.000,https://www.justwatch.com/de/Film/Scary-Movie,
997,1297,Die Herrschaft des Feuers,Reign of Fire,2002,102,Abenteuer | Action,IRE | UK | USA,Rob Bowman,Christian Bale | Matthew McConaughey | Izabella Scorupco,6.2,41.000,49.000,https://www.justwatch.com/de/Film/Die-Herrschaft-des-Feuers,
998,1298,Rambo: Last Blood,,2019,100,Action | Thriller,USA,Adrian Grunberg,Sylvester Stallone | Paz Vega | Sergio Peris-Mencheta,6.1,26.000,81.000,https://www.justwatch.com/de/Film/Rambo-Last-Blood,
999,1299,Blade: Trinity,,2004,105,Action | Horror,USA,David S. Goyer,Wesley Snipes | Ryan Reynolds | Jessica Biel,5.8,24.000,58.000,https://www.justwatch.com/de/Film/Blade-Trinity,
1291,1300,Godzilla,,1998,139,Action | Sci-Fi,USA,Roland Emmerich,Matthew Broderick | Jean Reno | Maria Pitillo,5.5,20.000,28.000,https://www.justwatch.com/de/Film/Godzilla,
1000,1301,"Ey Mann, wo is' mein Auto?","Dude, Where’s My Car?",2000,83,Komödie | Sci-Fi,USA,Danny Leiner,Ashton Kutcher | Seann William Scott | Jennifer Garner,5.5,16.000,47.000,https://www.justwatch.com/de/Film/Ey-Mann-Wo-is-mein-Auto,
